,time,open,close,high,low
0,2024-12-25T21:50:35.050Z,1.01218,1.01218,1.01218,1.01218
1,2024-12-25T21:50:35.550Z,1.0122,1.0122,1.0122,1.0122
2,2024-12-25T21:50:36.049Z,1.01221,1.01221,1.01221,1.01221
3,2024-12-25T21:50:36.550Z,1.01223,1.01223,1.01223,1.01223
4,2024-12-25T21:50:37.049Z,1.01222,1.01222,1.01222,1.01222
5,2024-12-25T21:50:37.550Z,1.01223,1.01223,1.01223,1.01223
6,2024-12-25T21:50:38.049Z,1.01221,1.01221,1.01221,1.01221
7,2024-12-25T21:50:38.549Z,1.01224,1.01224,1.01224,1.01224
8,2024-12-25T21:50:39.049Z,1.01224,1.01224,1.01224,1.01224
9,2024-12-25T21:50:39.550Z,1.01225,1.01225,1.01225,1.01225
10,2024-12-25T21:50:40.052Z,1.01224,1.01224,1.01224,1.01224
11,2024-12-25T21:50:40.553Z,1.01224,1.01224,1.01224,1.01224
12,2024-12-25T21:50:41.052Z,1.01227,1.01227,1.01227,1.01227
13,2024-12-25T21:50:41.554Z,1.01228,1.01228,1.01228,1.01228
14,2024-12-25T21:50:42.054Z,1.01226,1.01226,1.01226,1.01226
15,2024-12-25T21:50:42.553Z,1.01225,1.01225,1.01225,1.01225
16,2024-12-25T21:50:43.054Z,1.01224,1.01224,1.01224,1.01224
17,2024-12-25T21:50:43.554Z,1.01222,1.01222,1.01222,1.01222
18,2024-12-25T21:50:44.054Z,1.01221,1.01221,1.01221,1.01221
19,2024-12-25T21:50:44.555Z,1.01218,1.01218,1.01218,1.01218
20,2024-12-25T21:50:45.057Z,1.01219,1.01219,1.01219,1.01219
21,2024-12-25T21:50:45.557Z,1.01217,1.01217,1.01217,1.01217
22,2024-12-25T21:50:46.057Z,1.01216,1.01216,1.01216,1.01216
23,2024-12-25T21:50:46.557Z,1.01216,1.01216,1.01216,1.01216
24,2024-12-25T21:50:47.057Z,1.01217,1.01217,1.01217,1.01217
25,2024-12-25T21:50:47.557Z,1.01219,1.01219,1.01219,1.01219
26,2024-12-25T21:50:48.041Z,1.01223,1.01223,1.01223,1.01223
27,2024-12-25T21:50:48.573Z,1.01226,1.01226,1.01226,1.01226
28,2024-12-25T21:50:49.057Z,1.01225,1.01225,1.01225,1.01225
29,2024-12-25T21:50:49.558Z,1.01226,1.01226,1.01226,1.01226
30,2024-12-25T21:50:50.059Z,1.01229,1.01229,1.01229,1.01229
31,2024-12-25T21:50:50.561Z,1.01227,1.01227,1.01227,1.01227
32,2024-12-25T21:50:51.060Z,1.01235,1.01235,1.01235,1.01235
33,2024-12-25T21:50:51.561Z,1.01234,1.01234,1.01234,1.01234
34,2024-12-25T21:50:52.076Z,1.01235,1.01235,1.01235,1.01235
35,2024-12-25T21:50:52.577Z,1.01233,1.01233,1.01233,1.01233
36,2024-12-25T21:50:53.077Z,1.01233,1.01233,1.01233,1.01233
37,2024-12-25T21:50:53.592Z,1.01235,1.01235,1.01235,1.01235
38,2024-12-25T21:50:54.077Z,1.01228,1.01228,1.01228,1.01228
39,2024-12-25T21:50:54.577Z,1.0123,1.0123,1.0123,1.0123
40,2024-12-25T21:50:55.080Z,1.01228,1.01228,1.01228,1.01228
41,2024-12-25T21:50:55.631Z,1.01229,1.01229,1.01229,1.01229
42,2024-12-25T21:50:56.080Z,1.01231,1.01231,1.01231,1.01231
43,2024-12-25T21:50:56.581Z,1.01233,1.01233,1.01233,1.01233
44,2024-12-25T21:50:57.091Z,1.01233,1.01233,1.01233,1.01233
45,2024-12-25T21:50:57.611Z,1.01234,1.01234,1.01234,1.01234
46,2024-12-25T21:50:58.096Z,1.01231,1.01231,1.01231,1.01231
47,2024-12-25T21:50:58.581Z,1.01232,1.01232,1.01232,1.01232
48,2024-12-25T21:50:59.081Z,1.01233,1.01233,1.01233,1.01233
49,2024-12-25T21:50:59.596Z,1.01235,1.01235,1.01235,1.01235
50,2024-12-25T21:51:00.093Z,1.01235,1.01235,1.01235,1.01235
51,2024-12-25T21:51:00.614Z,1.01236,1.01236,1.01236,1.01236
52,2024-12-25T21:51:01.103Z,1.01242,1.01242,1.01242,1.01242
53,2024-12-25T21:51:01.600Z,1.01243,1.01243,1.01243,1.01243
54,2024-12-25T21:51:02.100Z,1.01242,1.01242,1.01242,1.01242
55,2024-12-25T21:51:02.600Z,1.01244,1.01244,1.01244,1.01244
56,2024-12-25T21:51:03.092Z,1.01244,1.01244,1.01244,1.01244
57,2024-12-25T21:51:03.584Z,1.01245,1.01245,1.01245,1.01245
58,2024-12-25T21:51:04.100Z,1.01246,1.01246,1.01246,1.01246
59,2024-12-25T21:51:04.585Z,1.01247,1.01247,1.01247,1.01247
60,2024-12-25T21:51:05.102Z,1.01249,1.01249,1.01249,1.01249
61,2024-12-25T21:51:05.602Z,1.01251,1.01251,1.01251,1.01251
62,2024-12-25T21:51:06.094Z,1.01251,1.01251,1.01251,1.01251
63,2024-12-25T21:51:06.603Z,1.01253,1.01253,1.01253,1.01253
64,2024-12-25T21:51:07.102Z,1.01251,1.01251,1.01251,1.01251
65,2024-12-25T21:51:07.618Z,1.01252,1.01252,1.01252,1.01252
66,2024-12-25T21:51:08.119Z,1.01253,1.01253,1.01253,1.01253
67,2024-12-25T21:51:08.603Z,1.01254,1.01254,1.01254,1.01254
68,2024-12-25T21:51:09.095Z,1.01254,1.01254,1.01254,1.01254
69,2024-12-25T21:51:09.666Z,1.01254,1.01254,1.01254,1.01254
70,2024-12-25T21:51:10.152Z,1.0125,1.0125,1.0125,1.0125
71,2024-12-25T21:51:10.641Z,1.01242,1.01242,1.01242,1.01242
72,2024-12-25T21:51:11.152Z,1.01241,1.01241,1.01241,1.01241
73,2024-12-25T21:51:11.655Z,1.0124,1.0124,1.0124,1.0124
74,2024-12-25T21:51:12.097Z,1.0124,1.0124,1.0124,1.0124
75,2024-12-25T21:51:12.654Z,1.0124,1.0124,1.0124,1.0124
76,2024-12-25T21:51:13.154Z,1.0123,1.0123,1.0123,1.0123
77,2024-12-25T21:51:13.654Z,1.01229,1.01229,1.01229,1.01229
78,2024-12-25T21:51:14.154Z,1.01226,1.01226,1.01226,1.01226
79,2024-12-25T21:51:14.656Z,1.01224,1.01224,1.01224,1.01224
80,2024-12-25T21:51:15.096Z,1.01224,1.01224,1.01224,1.01224
81,2024-12-25T21:51:15.659Z,1.01229,1.01229,1.01229,1.01229
82,2024-12-25T21:51:16.159Z,1.0123,1.0123,1.0123,1.0123
83,2024-12-25T21:51:16.645Z,1.01228,1.01228,1.01228,1.01228
84,2024-12-25T21:51:17.160Z,1.01226,1.01226,1.01226,1.01226
85,2024-12-25T21:51:17.690Z,1.01228,1.01228,1.01228,1.01228
86,2024-12-25T21:51:18.097Z,1.01228,1.01228,1.01228,1.01228
87,2024-12-25T21:51:18.674Z,1.01235,1.01235,1.01235,1.01235
88,2024-12-25T21:51:19.174Z,1.01235,1.01235,1.01235,1.01235
89,2024-12-25T21:51:19.675Z,1.01233,1.01233,1.01233,1.01233
90,2024-12-25T21:51:20.193Z,1.01234,1.01234,1.01234,1.01234
91,2024-12-25T21:51:20.677Z,1.01235,1.01235,1.01235,1.01235
92,2024-12-25T21:51:21.098Z,1.01235,1.01235,1.01235,1.01235
93,2024-12-25T21:51:21.695Z,1.01236,1.01236,1.01236,1.01236
94,2024-12-25T21:51:22.178Z,1.01238,1.01238,1.01238,1.01238
95,2024-12-25T21:51:22.695Z,1.01242,1.01242,1.01242,1.01242
96,2024-12-25T21:51:23.195Z,1.01243,1.01243,1.01243,1.01243
97,2024-12-25T21:51:23.694Z,1.01244,1.01244,1.01244,1.01244
98,2024-12-25T21:51:24.099Z,1.01244,1.01244,1.01244,1.01244
99,2024-12-25T21:51:24.679Z,1.01241,1.01241,1.01241,1.01241
100,2024-12-25T21:51:25.181Z,1.01247,1.01247,1.01247,1.01247
101,2024-12-25T21:51:25.681Z,1.01247,1.01247,1.01247,1.01247
102,2024-12-25T21:51:26.182Z,1.01248,1.01248,1.01248,1.01248
103,2024-12-25T21:51:26.681Z,1.0125,1.0125,1.0125,1.0125
104,2024-12-25T21:51:27.102Z,1.0125,1.0125,1.0125,1.0125
105,2024-12-25T21:51:27.698Z,1.0125,1.0125,1.0125,1.0125
106,2024-12-25T21:51:28.181Z,1.01249,1.01249,1.01249,1.01249
107,2024-12-25T21:51:28.682Z,1.01248,1.01248,1.01248,1.01248
108,2024-12-25T21:51:29.182Z,1.0125,1.0125,1.0125,1.0125
109,2024-12-25T21:51:29.682Z,1.01252,1.01252,1.01252,1.01252
110,2024-12-25T21:51:30.102Z,1.01252,1.01252,1.01252,1.01252
111,2024-12-25T21:51:30.685Z,1.01258,1.01258,1.01258,1.01258
112,2024-12-25T21:51:31.184Z,1.0126,1.0126,1.0126,1.0126
113,2024-12-25T21:51:31.686Z,1.01261,1.01261,1.01261,1.01261
114,2024-12-25T21:51:32.186Z,1.01263,1.01263,1.01263,1.01263
115,2024-12-25T21:51:32.686Z,1.01262,1.01262,1.01262,1.01262
116,2024-12-25T21:51:33.106Z,1.01262,1.01262,1.01262,1.01262
117,2024-12-25T21:51:33.686Z,1.01259,1.01259,1.01259,1.01259
118,2024-12-25T21:51:34.186Z,1.01258,1.01258,1.01258,1.01258
119,2024-12-25T21:51:34.687Z,1.01257,1.01257,1.01257,1.01257
120,2024-12-25T21:51:35.189Z,1.01263,1.01263,1.01263,1.01263
121,2024-12-25T21:51:35.689Z,1.01264,1.01264,1.01264,1.01264
122,2024-12-25T21:51:36.108Z,1.01264,1.01264,1.01264,1.01264
123,2024-12-25T21:51:36.689Z,1.0126,1.0126,1.0126,1.0126
124,2024-12-25T21:51:37.189Z,1.01264,1.01264,1.01264,1.01264
125,2024-12-25T21:51:37.689Z,1.01263,1.01263,1.01263,1.01263
126,2024-12-25T21:51:38.189Z,1.01261,1.01261,1.01261,1.01261
127,2024-12-25T21:51:38.689Z,1.01267,1.01267,1.01267,1.01267
128,2024-12-25T21:51:39.110Z,1.01267,1.01267,1.01267,1.01267
129,2024-12-25T21:51:39.690Z,1.0126,1.0126,1.0126,1.0126
130,2024-12-25T21:51:40.207Z,1.01259,1.01259,1.01259,1.01259
131,2024-12-25T21:51:40.707Z,1.01257,1.01257,1.01257,1.01257
132,2024-12-25T21:51:41.180Z,1.01254,1.01254,1.01254,1.01254
133,2024-12-25T21:51:41.709Z,1.01256,1.01256,1.01256,1.01256
134,2024-12-25T21:51:42.109Z,1.01256,1.01256,1.01256,1.01256
135,2024-12-25T21:51:42.694Z,1.01253,1.01253,1.01253,1.01253
136,2024-12-25T21:51:43.193Z,1.01254,1.01254,1.01254,1.01254
137,2024-12-25T21:51:43.694Z,1.01253,1.01253,1.01253,1.01253
138,2024-12-25T21:51:44.194Z,1.01246,1.01246,1.01246,1.01246
139,2024-12-25T21:51:44.694Z,1.01248,1.01248,1.01248,1.01248
140,2024-12-25T21:51:45.110Z,1.01248,1.01248,1.01248,1.01248
141,2024-12-25T21:51:45.697Z,1.01249,1.01249,1.01249,1.01249
142,2024-12-25T21:51:46.211Z,1.01248,1.01248,1.01248,1.01248
143,2024-12-25T21:51:46.696Z,1.01247,1.01247,1.01247,1.01247
144,2024-12-25T21:51:47.212Z,1.01246,1.01246,1.01246,1.01246
145,2024-12-25T21:51:47.697Z,1.01247,1.01247,1.01247,1.01247
146,2024-12-25T21:51:48.111Z,1.01247,1.01247,1.01247,1.01247
147,2024-12-25T21:51:48.696Z,1.01248,1.01248,1.01248,1.01248
148,2024-12-25T21:51:49.197Z,1.01249,1.01249,1.01249,1.01249
149,2024-12-25T21:51:49.697Z,1.0125,1.0125,1.0125,1.0125
150,2024-12-25T21:51:50.198Z,1.01251,1.01251,1.01251,1.01251
151,2024-12-25T21:51:50.714Z,1.01252,1.01252,1.01252,1.01252
152,2024-12-25T21:51:51.113Z,1.01252,1.01252,1.01252,1.01252
153,2024-12-25T21:51:51.714Z,1.01245,1.01245,1.01245,1.01245
154,2024-12-25T21:51:52.215Z,1.01243,1.01243,1.01243,1.01243
155,2024-12-25T21:51:52.714Z,1.01244,1.01244,1.01244,1.01244
156,2024-12-25T21:51:53.214Z,1.01246,1.01246,1.01246,1.01246
157,2024-12-25T21:51:53.716Z,1.01247,1.01247,1.01247,1.01247
158,2024-12-25T21:51:54.114Z,1.01247,1.01247,1.01247,1.01247
159,2024-12-25T21:51:54.731Z,1.01249,1.01249,1.01249,1.01249
160,2024-12-25T21:51:55.233Z,1.01252,1.01252,1.01252,1.01252
161,2024-12-25T21:51:55.749Z,1.01252,1.01252,1.01252,1.01252
162,2024-12-25T21:51:56.234Z,1.01253,1.01253,1.01253,1.01253
163,2024-12-25T21:51:56.749Z,1.01251,1.01251,1.01251,1.01251
164,2024-12-25T21:51:57.116Z,1.01251,1.01251,1.01251,1.01251
165,2024-12-25T21:51:57.733Z,1.01251,1.01251,1.01251,1.01251
166,2024-12-25T21:51:58.233Z,1.01247,1.01247,1.01247,1.01247
167,2024-12-25T21:51:58.734Z,1.01246,1.01246,1.01246,1.01246
168,2024-12-25T21:51:59.233Z,1.01248,1.01248,1.01248,1.01248
169,2024-12-25T21:51:59.719Z,1.01249,1.01249,1.01249,1.01249
170,2024-12-25T21:52:00.118Z,1.01249,1.01249,1.01249,1.01249
171,2024-12-25T21:52:00.721Z,1.01251,1.01251,1.01251,1.01251
172,2024-12-25T21:52:01.221Z,1.01254,1.01254,1.01254,1.01254
173,2024-12-25T21:52:01.707Z,1.01258,1.01258,1.01258,1.01258
174,2024-12-25T21:52:02.223Z,1.01259,1.01259,1.01259,1.01259
175,2024-12-25T21:52:02.722Z,1.0126,1.0126,1.0126,1.0126
176,2024-12-25T21:52:03.119Z,1.0126,1.0126,1.0126,1.0126
177,2024-12-25T21:52:03.707Z,1.01259,1.01259,1.01259,1.01259
178,2024-12-25T21:52:04.223Z,1.01259,1.01259,1.01259,1.01259
179,2024-12-25T21:52:04.739Z,1.01258,1.01258,1.01258,1.01258
180,2024-12-25T21:52:05.225Z,1.01257,1.01257,1.01257,1.01257
181,2024-12-25T21:52:05.741Z,1.01259,1.01259,1.01259,1.01259
182,2024-12-25T21:52:06.119Z,1.01259,1.01259,1.01259,1.01259
183,2024-12-25T21:52:06.741Z,1.01258,1.01258,1.01258,1.01258
184,2024-12-25T21:52:07.225Z,1.01256,1.01256,1.01256,1.01256
185,2024-12-25T21:52:07.725Z,1.01257,1.01257,1.01257,1.01257
186,2024-12-25T21:52:08.241Z,1.01259,1.01259,1.01259,1.01259
187,2024-12-25T21:52:08.725Z,1.01262,1.01262,1.01262,1.01262
188,2024-12-25T21:52:09.120Z,1.01262,1.01262,1.01262,1.01262
189,2024-12-25T21:52:09.727Z,1.01264,1.01264,1.01264,1.01264
190,2024-12-25T21:52:10.228Z,1.01261,1.01261,1.01261,1.01261
191,2024-12-25T21:52:10.728Z,1.0126,1.0126,1.0126,1.0126
192,2024-12-25T21:52:11.228Z,1.01259,1.01259,1.01259,1.01259
193,2024-12-25T21:52:11.730Z,1.01261,1.01261,1.01261,1.01261
194,2024-12-25T21:52:12.121Z,1.01261,1.01261,1.01261,1.01261
195,2024-12-25T21:52:12.730Z,1.01263,1.01263,1.01263,1.01263
196,2024-12-25T21:52:13.229Z,1.01264,1.01264,1.01264,1.01264
197,2024-12-25T21:52:13.730Z,1.01263,1.01263,1.01263,1.01263
198,2024-12-25T21:52:14.230Z,1.01261,1.01261,1.01261,1.01261
199,2024-12-25T21:52:14.730Z,1.01264,1.01264,1.01264,1.01264
200,2024-12-25T21:52:15.123Z,1.01264,1.01264,1.01264,1.01264
201,2024-12-25T21:52:15.733Z,1.01267,1.01267,1.01267,1.01267
202,2024-12-25T21:52:16.234Z,1.01274,1.01274,1.01274,1.01274
203,2024-12-25T21:52:16.733Z,1.01276,1.01276,1.01276,1.01276
204,2024-12-25T21:52:17.234Z,1.01275,1.01275,1.01275,1.01275
205,2024-12-25T21:52:17.733Z,1.01274,1.01274,1.01274,1.01274
206,2024-12-25T21:52:18.124Z,1.01274,1.01274,1.01274,1.01274
207,2024-12-25T21:52:18.734Z,1.01275,1.01275,1.01275,1.01275
208,2024-12-25T21:52:19.234Z,1.01274,1.01274,1.01274,1.01274
209,2024-12-25T21:52:19.750Z,1.01279,1.01279,1.01279,1.01279
210,2024-12-25T21:52:20.252Z,1.01277,1.01277,1.01277,1.01277
211,2024-12-25T21:52:20.737Z,1.01279,1.01279,1.01279,1.01279
212,2024-12-25T21:52:21.125Z,1.01279,1.01279,1.01279,1.01279
213,2024-12-25T21:52:21.738Z,1.01274,1.01274,1.01274,1.01274
214,2024-12-25T21:52:22.223Z,1.01276,1.01276,1.01276,1.01276
215,2024-12-25T21:52:22.723Z,1.01275,1.01275,1.01275,1.01275
216,2024-12-25T21:52:23.238Z,1.01276,1.01276,1.01276,1.01276
217,2024-12-25T21:52:23.723Z,1.01275,1.01275,1.01275,1.01275
218,2024-12-25T21:52:24.126Z,1.01275,1.01275,1.01275,1.01275
219,2024-12-25T21:52:24.739Z,1.01275,1.01275,1.01275,1.01275
220,2024-12-25T21:52:25.226Z,1.01273,1.01273,1.01273,1.01273
221,2024-12-25T21:52:25.727Z,1.01275,1.01275,1.01275,1.01275
222,2024-12-25T21:52:26.226Z,1.01277,1.01277,1.01277,1.01277
223,2024-12-25T21:52:26.726Z,1.01279,1.01279,1.01279,1.01279
224,2024-12-25T21:52:27.125Z,1.01279,1.01279,1.01279,1.01279
225,2024-12-25T21:52:27.726Z,1.01279,1.01279,1.01279,1.01279
226,2024-12-25T21:52:28.241Z,1.01278,1.01278,1.01278,1.01278
227,2024-12-25T21:52:28.725Z,1.01277,1.01277,1.01277,1.01277
228,2024-12-25T21:52:29.225Z,1.01278,1.01278,1.01278,1.01278
229,2024-12-25T21:52:29.742Z,1.01278,1.01278,1.01278,1.01278
230,2024-12-25T21:52:30.127Z,1.01278,1.01278,1.01278,1.01278
231,2024-12-25T21:52:30.744Z,1.0128,1.0128,1.0128,1.0128
232,2024-12-25T21:52:31.229Z,1.01279,1.01279,1.01279,1.01279
233,2024-12-25T21:52:31.730Z,1.01278,1.01278,1.01278,1.01278
234,2024-12-25T21:52:32.232Z,1.01277,1.01277,1.01277,1.01277
235,2024-12-25T21:52:32.731Z,1.01276,1.01276,1.01276,1.01276
236,2024-12-25T21:52:33.127Z,1.01276,1.01276,1.01276,1.01276
237,2024-12-25T21:52:33.732Z,1.0128,1.0128,1.0128,1.0128
238,2024-12-25T21:52:34.231Z,1.01281,1.01281,1.01281,1.01281
239,2024-12-25T21:52:34.732Z,1.01281,1.01281,1.01281,1.01281
240,2024-12-25T21:52:35.234Z,1.0128,1.0128,1.0128,1.0128
241,2024-12-25T21:52:35.735Z,1.01282,1.01282,1.01282,1.01282
242,2024-12-25T21:52:36.130Z,1.01282,1.01282,1.01282,1.01282
243,2024-12-25T21:52:36.734Z,1.01282,1.01282,1.01282,1.01282
244,2024-12-25T21:52:37.234Z,1.01281,1.01281,1.01281,1.01281
245,2024-12-25T21:52:37.734Z,1.01287,1.01287,1.01287,1.01287
246,2024-12-25T21:52:38.249Z,1.01291,1.01291,1.01291,1.01291
247,2024-12-25T21:52:38.734Z,1.01297,1.01297,1.01297,1.01297
248,2024-12-25T21:52:39.131Z,1.01297,1.01297,1.01297,1.01297
249,2024-12-25T21:52:39.735Z,1.01298,1.01298,1.01298,1.01298
250,2024-12-25T21:52:40.238Z,1.01294,1.01294,1.01294,1.01294
251,2024-12-25T21:52:40.737Z,1.0129,1.0129,1.0129,1.0129
252,2024-12-25T21:52:41.238Z,1.01288,1.01288,1.01288,1.01288
253,2024-12-25T21:52:41.738Z,1.01284,1.01284,1.01284,1.01284
254,2024-12-25T21:52:42.131Z,1.01284,1.01284,1.01284,1.01284
255,2024-12-25T21:52:42.739Z,1.01295,1.01295,1.01295,1.01295
256,2024-12-25T21:52:43.238Z,1.01297,1.01297,1.01297,1.01297
257,2024-12-25T21:52:43.738Z,1.01296,1.01296,1.01296,1.01296
258,2024-12-25T21:52:44.238Z,1.01294,1.01294,1.01294,1.01294
259,2024-12-25T21:52:44.739Z,1.01293,1.01293,1.01293,1.01293
260,2024-12-25T21:52:45.132Z,1.01293,1.01293,1.01293,1.01293
261,2024-12-25T21:52:45.741Z,1.01289,1.01289,1.01289,1.01289
262,2024-12-25T21:52:46.241Z,1.0129,1.0129,1.0129,1.0129
263,2024-12-25T21:52:46.742Z,1.01292,1.01292,1.01292,1.01292
264,2024-12-25T21:52:47.257Z,1.01295,1.01295,1.01295,1.01295
265,2024-12-25T21:52:47.758Z,1.01293,1.01293,1.01293,1.01293
266,2024-12-25T21:52:48.132Z,1.01293,1.01293,1.01293,1.01293
267,2024-12-25T21:52:48.757Z,1.01286,1.01286,1.01286,1.01286
268,2024-12-25T21:52:49.258Z,1.01287,1.01287,1.01287,1.01287
269,2024-12-25T21:52:49.758Z,1.01285,1.01285,1.01285,1.01285
270,2024-12-25T21:52:50.261Z,1.01287,1.01287,1.01287,1.01287
271,2024-12-25T21:52:50.745Z,1.01277,1.01277,1.01277,1.01277
272,2024-12-25T21:52:51.134Z,1.01277,1.01277,1.01277,1.01277
273,2024-12-25T21:52:51.761Z,1.01272,1.01272,1.01272,1.01272
274,2024-12-25T21:52:52.262Z,1.01273,1.01273,1.01273,1.01273
275,2024-12-25T21:52:52.763Z,1.01275,1.01275,1.01275,1.01275
276,2024-12-25T21:52:53.262Z,1.01274,1.01274,1.01274,1.01274
277,2024-12-25T21:52:53.748Z,1.01276,1.01276,1.01276,1.01276
278,2024-12-25T21:52:54.134Z,1.01276,1.01276,1.01276,1.01276
279,2024-12-25T21:52:54.763Z,1.01278,1.01278,1.01278,1.01278
280,2024-12-25T21:52:55.249Z,1.01268,1.01268,1.01268,1.01268
281,2024-12-25T21:52:55.749Z,1.01265,1.01265,1.01265,1.01265
282,2024-12-25T21:52:56.249Z,1.01266,1.01266,1.01266,1.01266
283,2024-12-25T21:52:56.766Z,1.01266,1.01266,1.01266,1.01266
284,2024-12-25T21:52:57.137Z,1.01266,1.01266,1.01266,1.01266
285,2024-12-25T21:52:57.765Z,1.01267,1.01267,1.01267,1.01267
286,2024-12-25T21:52:58.280Z,1.01266,1.01266,1.01266,1.01266
287,2024-12-25T21:52:58.781Z,1.01267,1.01267,1.01267,1.01267
288,2024-12-25T21:52:59.311Z,1.01268,1.01268,1.01268,1.01268
289,2024-12-25T21:52:59.818Z,1.0126,1.0126,1.0126,1.0126
290,2024-12-25T21:53:00.140Z,1.0126,1.0126,1.0126,1.0126
291,2024-12-25T21:53:00.830Z,1.01257,1.01257,1.01257,1.01257
292,2024-12-25T21:53:01.315Z,1.01256,1.01256,1.01256,1.01256
293,2024-12-25T21:53:01.801Z,1.01255,1.01255,1.01255,1.01255
294,2024-12-25T21:53:02.316Z,1.01256,1.01256,1.01256,1.01256
295,2024-12-25T21:53:02.816Z,1.01256,1.01256,1.01256,1.01256
296,2024-12-25T21:53:03.141Z,1.01256,1.01256,1.01256,1.01256
297,2024-12-25T21:53:03.816Z,1.01257,1.01257,1.01257,1.01257
298,2024-12-25T21:53:04.300Z,1.01256,1.01256,1.01256,1.01256
299,2024-12-25T21:53:04.832Z,1.01257,1.01257,1.01257,1.01257
300,2024-12-25T21:53:05.334Z,1.01258,1.01258,1.01258,1.01258
301,2024-12-25T21:53:05.835Z,1.0126,1.0126,1.0126,1.0126
302,2024-12-25T21:53:06.140Z,1.0126,1.0126,1.0126,1.0126
303,2024-12-25T21:53:06.852Z,1.01252,1.01252,1.01252,1.01252
304,2024-12-25T21:53:07.341Z,1.01252,1.01252,1.01252,1.01252
305,2024-12-25T21:53:07.850Z,1.0125,1.0125,1.0125,1.0125
306,2024-12-25T21:53:08.350Z,1.0125,1.0125,1.0125,1.0125
307,2024-12-25T21:53:08.850Z,1.01251,1.01251,1.01251,1.01251
308,2024-12-25T21:53:09.141Z,1.01251,1.01251,1.01251,1.01251
309,2024-12-25T21:53:09.357Z,1.0125,1.0125,1.0125,1.0125
310,2024-12-25T21:53:09.851Z,1.01251,1.01251,1.01251,1.01251
311,2024-12-25T21:53:10.341Z,1.01251,1.01251,1.01251,1.01251
312,2024-12-25T21:53:10.853Z,1.01249,1.01249,1.01249,1.01249
313,2024-12-25T21:53:11.354Z,1.0125,1.0125,1.0125,1.0125
314,2024-12-25T21:53:11.855Z,1.01249,1.01249,1.01249,1.01249
315,2024-12-25T21:53:12.141Z,1.01249,1.01249,1.01249,1.01249
316,2024-12-25T21:53:12.355Z,1.01249,1.01249,1.01249,1.01249
317,2024-12-25T21:53:12.839Z,1.01248,1.01248,1.01248,1.01248
318,2024-12-25T21:53:13.342Z,1.01248,1.01248,1.01248,1.01248
319,2024-12-25T21:53:13.854Z,1.01243,1.01243,1.01243,1.01243
320,2024-12-25T21:53:14.355Z,1.01242,1.01242,1.01242,1.01242
321,2024-12-25T21:53:14.840Z,1.01245,1.01245,1.01245,1.01245
322,2024-12-25T21:53:15.145Z,1.01245,1.01245,1.01245,1.01245
323,2024-12-25T21:53:15.842Z,1.01245,1.01245,1.01245,1.01245
324,2024-12-25T21:53:16.347Z,1.01245,1.01245,1.01245,1.01245
325,2024-12-25T21:53:16.843Z,1.01245,1.01245,1.01245,1.01245
326,2024-12-25T21:53:17.359Z,1.01245,1.01245,1.01245,1.01245
327,2024-12-25T21:53:17.875Z,1.01256,1.01256,1.01256,1.01256
328,2024-12-25T21:53:18.147Z,1.01256,1.01256,1.01256,1.01256
329,2024-12-25T21:53:18.358Z,1.01258,1.01258,1.01258,1.01258
330,2024-12-25T21:53:18.858Z,1.0126,1.0126,1.0126,1.0126
331,2024-12-25T21:53:19.347Z,1.0126,1.0126,1.0126,1.0126
332,2024-12-25T21:53:19.860Z,1.01261,1.01261,1.01261,1.01261
333,2024-12-25T21:53:20.362Z,1.01259,1.01259,1.01259,1.01259
334,2024-12-25T21:53:20.862Z,1.01258,1.01258,1.01258,1.01258
335,2024-12-25T21:53:21.149Z,1.01258,1.01258,1.01258,1.01258
336,2024-12-25T21:53:21.363Z,1.01259,1.01259,1.01259,1.01259
337,2024-12-25T21:53:21.863Z,1.01256,1.01256,1.01256,1.01256
338,2024-12-25T21:53:22.350Z,1.01256,1.01256,1.01256,1.01256
339,2024-12-25T21:53:22.878Z,1.01252,1.01252,1.01252,1.01252
340,2024-12-25T21:53:23.379Z,1.01251,1.01251,1.01251,1.01251
341,2024-12-25T21:53:23.879Z,1.0125,1.0125,1.0125,1.0125
342,2024-12-25T21:53:24.151Z,1.0125,1.0125,1.0125,1.0125
343,2024-12-25T21:53:24.378Z,1.01249,1.01249,1.01249,1.01249
344,2024-12-25T21:53:24.880Z,1.01249,1.01249,1.01249,1.01249
345,2024-12-25T21:53:25.351Z,1.01249,1.01249,1.01249,1.01249
346,2024-12-25T21:53:25.882Z,1.01246,1.01246,1.01246,1.01246
347,2024-12-25T21:53:26.366Z,1.01244,1.01244,1.01244,1.01244
348,2024-12-25T21:53:26.897Z,1.01242,1.01242,1.01242,1.01242
349,2024-12-25T21:53:27.152Z,1.01242,1.01242,1.01242,1.01242
350,2024-12-25T21:53:27.397Z,1.01242,1.01242,1.01242,1.01242
351,2024-12-25T21:53:27.897Z,1.01244,1.01244,1.01244,1.01244
352,2024-12-25T21:53:28.352Z,1.01244,1.01244,1.01244,1.01244
353,2024-12-25T21:53:28.912Z,1.01237,1.01237,1.01237,1.01237
354,2024-12-25T21:53:29.412Z,1.01239,1.01239,1.01239,1.01239
355,2024-12-25T21:53:29.914Z,1.01239,1.01239,1.01239,1.01239
356,2024-12-25T21:53:30.152Z,1.01239,1.01239,1.01239,1.01239
357,2024-12-25T21:53:30.415Z,1.01237,1.01237,1.01237,1.01237
358,2024-12-25T21:53:30.915Z,1.01242,1.01242,1.01242,1.01242
359,2024-12-25T21:53:31.353Z,1.01242,1.01242,1.01242,1.01242
360,2024-12-25T21:53:31.917Z,1.0124,1.0124,1.0124,1.0124
361,2024-12-25T21:53:32.418Z,1.01241,1.01241,1.01241,1.01241
362,2024-12-25T21:53:32.902Z,1.01242,1.01242,1.01242,1.01242
363,2024-12-25T21:53:33.154Z,1.01242,1.01242,1.01242,1.01242
364,2024-12-25T21:53:33.433Z,1.01244,1.01244,1.01244,1.01244
365,2024-12-25T21:53:33.933Z,1.01245,1.01245,1.01245,1.01245
366,2024-12-25T21:53:34.354Z,1.01245,1.01245,1.01245,1.01245
367,2024-12-25T21:53:34.935Z,1.01246,1.01246,1.01246,1.01246
368,2024-12-25T21:53:35.437Z,1.01244,1.01244,1.01244,1.01244
369,2024-12-25T21:53:35.938Z,1.01245,1.01245,1.01245,1.01245
370,2024-12-25T21:53:36.156Z,1.01245,1.01245,1.01245,1.01245
371,2024-12-25T21:53:36.437Z,1.01246,1.01246,1.01246,1.01246
372,2024-12-25T21:53:36.937Z,1.01245,1.01245,1.01245,1.01245
373,2024-12-25T21:53:37.356Z,1.01245,1.01245,1.01245,1.01245
374,2024-12-25T21:53:37.968Z,1.01243,1.01243,1.01243,1.01243
375,2024-12-25T21:53:38.435Z,1.01242,1.01242,1.01242,1.01242
376,2024-12-25T21:53:38.936Z,1.0124,1.0124,1.0124,1.0124
377,2024-12-25T21:53:39.158Z,1.0124,1.0124,1.0124,1.0124
378,2024-12-25T21:53:39.436Z,1.01241,1.01241,1.01241,1.01241
379,2024-12-25T21:53:39.938Z,1.0124,1.0124,1.0124,1.0124
380,2024-12-25T21:53:40.358Z,1.0124,1.0124,1.0124,1.0124
381,2024-12-25T21:53:40.939Z,1.01239,1.01239,1.01239,1.01239
382,2024-12-25T21:53:41.440Z,1.01241,1.01241,1.01241,1.01241
383,2024-12-25T21:53:41.940Z,1.01243,1.01243,1.01243,1.01243
384,2024-12-25T21:53:42.157Z,1.01243,1.01243,1.01243,1.01243
385,2024-12-25T21:53:42.440Z,1.01242,1.01242,1.01242,1.01242
386,2024-12-25T21:53:42.940Z,1.01243,1.01243,1.01243,1.01243
387,2024-12-25T21:53:43.358Z,1.01243,1.01243,1.01243,1.01243
388,2024-12-25T21:53:43.940Z,1.01242,1.01242,1.01242,1.01242
389,2024-12-25T21:53:44.425Z,1.01243,1.01243,1.01243,1.01243
390,2024-12-25T21:53:44.957Z,1.01244,1.01244,1.01244,1.01244
391,2024-12-25T21:53:45.159Z,1.01244,1.01244,1.01244,1.01244
392,2024-12-25T21:53:45.459Z,1.01234,1.01234,1.01234,1.01234
393,2024-12-25T21:53:45.960Z,1.01234,1.01234,1.01234,1.01234
394,2024-12-25T21:53:46.360Z,1.01234,1.01234,1.01234,1.01234
395,2024-12-25T21:53:46.958Z,1.01234,1.01234,1.01234,1.01234
396,2024-12-25T21:53:47.460Z,1.01235,1.01235,1.01235,1.01235
397,2024-12-25T21:53:47.959Z,1.01234,1.01234,1.01234,1.01234
398,2024-12-25T21:53:48.162Z,1.01234,1.01234,1.01234,1.01234
399,2024-12-25T21:53:48.460Z,1.01234,1.01234,1.01234,1.01234
400,2024-12-25T21:53:48.959Z,1.01231,1.01231,1.01231,1.01231
401,2024-12-25T21:53:49.362Z,1.01231,1.01231,1.01231,1.01231
402,2024-12-25T21:53:49.961Z,1.01228,1.01228,1.01228,1.01228
403,2024-12-25T21:53:50.462Z,1.01228,1.01228,1.01228,1.01228
404,2024-12-25T21:53:50.963Z,1.01228,1.01228,1.01228,1.01228
405,2024-12-25T21:53:51.163Z,1.01228,1.01228,1.01228,1.01228
406,2024-12-25T21:53:51.463Z,1.0123,1.0123,1.0123,1.0123
407,2024-12-25T21:53:51.964Z,1.01228,1.01228,1.01228,1.01228
408,2024-12-25T21:53:52.363Z,1.01228,1.01228,1.01228,1.01228
409,2024-12-25T21:53:52.964Z,1.01232,1.01232,1.01232,1.01232
410,2024-12-25T21:53:53.479Z,1.01235,1.01235,1.01235,1.01235
411,2024-12-25T21:53:53.964Z,1.01236,1.01236,1.01236,1.01236
412,2024-12-25T21:53:54.464Z,1.01238,1.01238,1.01238,1.01238
413,2024-12-25T21:53:54.966Z,1.01241,1.01241,1.01241,1.01241
414,2024-12-25T21:53:55.363Z,1.01241,1.01241,1.01241,1.01241
415,2024-12-25T21:53:55.966Z,1.01241,1.01241,1.01241,1.01241
416,2024-12-25T21:53:56.466Z,1.0124,1.0124,1.0124,1.0124
417,2024-12-25T21:53:56.967Z,1.01238,1.01238,1.01238,1.01238
418,2024-12-25T21:53:57.467Z,1.01237,1.01237,1.01237,1.01237
419,2024-12-25T21:53:57.967Z,1.01237,1.01237,1.01237,1.01237
420,2024-12-25T21:53:58.364Z,1.01237,1.01237,1.01237,1.01237
421,2024-12-25T21:53:58.967Z,1.01236,1.01236,1.01236,1.01236
422,2024-12-25T21:53:59.466Z,1.01238,1.01238,1.01238,1.01238
423,2024-12-25T21:53:59.968Z,1.01238,1.01238,1.01238,1.01238
424,2024-12-25T21:54:00.470Z,1.0124,1.0124,1.0124,1.0124
425,2024-12-25T21:54:00.969Z,1.01239,1.01239,1.01239,1.01239
426,2024-12-25T21:54:01.367Z,1.01239,1.01239,1.01239,1.01239
427,2024-12-25T21:54:01.993Z,1.01235,1.01235,1.01235,1.01235
428,2024-12-25T21:54:02.487Z,1.01235,1.01235,1.01235,1.01235
429,2024-12-25T21:54:02.986Z,1.01236,1.01236,1.01236,1.01236
430,2024-12-25T21:54:03.487Z,1.01237,1.01237,1.01237,1.01237
431,2024-12-25T21:54:03.986Z,1.01241,1.01241,1.01241,1.01241
432,2024-12-25T21:54:04.368Z,1.01241,1.01241,1.01241,1.01241
433,2024-12-25T21:54:04.988Z,1.01245,1.01245,1.01245,1.01245
434,2024-12-25T21:54:05.473Z,1.01246,1.01246,1.01246,1.01246
435,2024-12-25T21:54:05.974Z,1.0125,1.0125,1.0125,1.0125
436,2024-12-25T21:54:06.474Z,1.01249,1.01249,1.01249,1.01249
437,2024-12-25T21:54:06.974Z,1.01249,1.01249,1.01249,1.01249
438,2024-12-25T21:54:07.370Z,1.01249,1.01249,1.01249,1.01249
439,2024-12-25T21:54:07.974Z,1.01252,1.01252,1.01252,1.01252
440,2024-12-25T21:54:08.490Z,1.01249,1.01249,1.01249,1.01249
441,2024-12-25T21:54:08.974Z,1.01251,1.01251,1.01251,1.01251
442,2024-12-25T21:54:09.489Z,1.01251,1.01251,1.01251,1.01251
443,2024-12-25T21:54:09.976Z,1.01253,1.01253,1.01253,1.01253
444,2024-12-25T21:54:10.371Z,1.01253,1.01253,1.01253,1.01253
445,2024-12-25T21:54:10.977Z,1.01249,1.01249,1.01249,1.01249
446,2024-12-25T21:54:11.478Z,1.01249,1.01249,1.01249,1.01249
447,2024-12-25T21:54:11.978Z,1.01251,1.01251,1.01251,1.01251
448,2024-12-25T21:54:12.494Z,1.01252,1.01252,1.01252,1.01252
449,2024-12-25T21:54:13.010Z,1.0125,1.0125,1.0125,1.0125
450,2024-12-25T21:54:13.509Z,1.01248,1.01248,1.01248,1.01248
451,2024-12-25T21:54:13.994Z,1.0125,1.0125,1.0125,1.0125
452,2024-12-25T21:54:14.509Z,1.01252,1.01252,1.01252,1.01252
453,2024-12-25T21:54:15.011Z,1.0125,1.0125,1.0125,1.0125
454,2024-12-25T21:54:15.527Z,1.01252,1.01252,1.01252,1.01252
455,2024-12-25T21:54:16.012Z,1.01249,1.01249,1.01249,1.01249
456,2024-12-25T21:54:16.512Z,1.01251,1.01251,1.01251,1.01251
457,2024-12-25T21:54:17.027Z,1.01252,1.01252,1.01252,1.01252
458,2024-12-25T21:54:17.512Z,1.01251,1.01251,1.01251,1.01251
459,2024-12-25T21:54:18.027Z,1.01251,1.01251,1.01251,1.01251
460,2024-12-25T21:54:18.512Z,1.01256,1.01256,1.01256,1.01256
461,2024-12-25T21:54:19.028Z,1.01254,1.01254,1.01254,1.01254
462,2024-12-25T21:54:19.558Z,1.01255,1.01255,1.01255,1.01255
463,2024-12-25T21:54:20.060Z,1.01256,1.01256,1.01256,1.01256
464,2024-12-25T21:54:20.562Z,1.01254,1.01254,1.01254,1.01254
465,2024-12-25T21:54:21.045Z,1.01256,1.01256,1.01256,1.01256
466,2024-12-25T21:54:21.548Z,1.01255,1.01255,1.01255,1.01255
467,2024-12-25T21:54:22.063Z,1.01254,1.01254,1.01254,1.01254
468,2024-12-25T21:54:22.548Z,1.01249,1.01249,1.01249,1.01249
469,2024-12-25T21:54:23.064Z,1.0125,1.0125,1.0125,1.0125
470,2024-12-25T21:54:23.579Z,1.01244,1.01244,1.01244,1.01244
471,2024-12-25T21:54:24.063Z,1.01243,1.01243,1.01243,1.01243
472,2024-12-25T21:54:24.564Z,1.01243,1.01243,1.01243,1.01243
473,2024-12-25T21:54:25.081Z,1.01244,1.01244,1.01244,1.01244
474,2024-12-25T21:54:25.566Z,1.01241,1.01241,1.01241,1.01241
475,2024-12-25T21:54:26.066Z,1.01241,1.01241,1.01241,1.01241
476,2024-12-25T21:54:26.566Z,1.01241,1.01241,1.01241,1.01241
477,2024-12-25T21:54:27.066Z,1.01239,1.01239,1.01239,1.01239
478,2024-12-25T21:54:27.566Z,1.0124,1.0124,1.0124,1.0124
479,2024-12-25T21:54:28.067Z,1.01242,1.01242,1.01242,1.01242
480,2024-12-25T21:54:28.566Z,1.01242,1.01242,1.01242,1.01242
481,2024-12-25T21:54:29.066Z,1.0124,1.0124,1.0124,1.0124
482,2024-12-25T21:54:29.565Z,1.0124,1.0124,1.0124,1.0124
483,2024-12-25T21:54:30.084Z,1.01239,1.01239,1.01239,1.01239
484,2024-12-25T21:54:30.569Z,1.01238,1.01238,1.01238,1.01238
485,2024-12-25T21:54:31.070Z,1.01236,1.01236,1.01236,1.01236
486,2024-12-25T21:54:31.570Z,1.01237,1.01237,1.01237,1.01237
487,2024-12-25T21:54:32.070Z,1.0124,1.0124,1.0124,1.0124
488,2024-12-25T21:54:32.585Z,1.01241,1.01241,1.01241,1.01241
489,2024-12-25T21:54:33.071Z,1.01241,1.01241,1.01241,1.01241
490,2024-12-25T21:54:33.571Z,1.01243,1.01243,1.01243,1.01243
491,2024-12-25T21:54:34.071Z,1.01239,1.01239,1.01239,1.01239
492,2024-12-25T21:54:34.586Z,1.01237,1.01237,1.01237,1.01237
493,2024-12-25T21:54:35.072Z,1.01241,1.01241,1.01241,1.01241
494,2024-12-25T21:54:35.574Z,1.01248,1.01248,1.01248,1.01248
495,2024-12-25T21:54:36.073Z,1.0125,1.0125,1.0125,1.0125
496,2024-12-25T21:54:36.573Z,1.01251,1.01251,1.01251,1.01251
497,2024-12-25T21:54:37.073Z,1.0125,1.0125,1.0125,1.0125
498,2024-12-25T21:54:37.589Z,1.01249,1.01249,1.01249,1.01249
499,2024-12-25T21:54:38.073Z,1.0125,1.0125,1.0125,1.0125
500,2024-12-25T21:54:38.574Z,1.01251,1.01251,1.01251,1.01251
501,2024-12-25T21:54:39.089Z,1.01252,1.01252,1.01252,1.01252
502,2024-12-25T21:54:39.605Z,1.01251,1.01251,1.01251,1.01251
503,2024-12-25T21:54:40.108Z,1.01256,1.01256,1.01256,1.01256
504,2024-12-25T21:54:40.607Z,1.01254,1.01254,1.01254,1.01254
505,2024-12-25T21:54:41.093Z,1.01252,1.01252,1.01252,1.01252
506,2024-12-25T21:54:41.594Z,1.01251,1.01251,1.01251,1.01251
507,2024-12-25T21:54:42.080Z,1.01247,1.01247,1.01247,1.01247
508,2024-12-25T21:54:42.580Z,1.01246,1.01246,1.01246,1.01246
509,2024-12-25T21:54:43.079Z,1.01244,1.01244,1.01244,1.01244
510,2024-12-25T21:54:43.594Z,1.01242,1.01242,1.01242,1.01242
511,2024-12-25T21:54:44.095Z,1.01243,1.01243,1.01243,1.01243
512,2024-12-25T21:54:44.596Z,1.01242,1.01242,1.01242,1.01242
513,2024-12-25T21:54:45.096Z,1.01241,1.01241,1.01241,1.01241
514,2024-12-25T21:54:45.597Z,1.01241,1.01241,1.01241,1.01241
515,2024-12-25T21:54:46.098Z,1.01241,1.01241,1.01241,1.01241
516,2024-12-25T21:54:46.597Z,1.01239,1.01239,1.01239,1.01239
517,2024-12-25T21:54:47.113Z,1.01236,1.01236,1.01236,1.01236
518,2024-12-25T21:54:47.614Z,1.01234,1.01234,1.01234,1.01234
519,2024-12-25T21:54:48.098Z,1.01238,1.01238,1.01238,1.01238
520,2024-12-25T21:54:48.613Z,1.01239,1.01239,1.01239,1.01239
521,2024-12-25T21:54:49.129Z,1.01238,1.01238,1.01238,1.01238
522,2024-12-25T21:54:49.613Z,1.01239,1.01239,1.01239,1.01239
523,2024-12-25T21:54:50.099Z,1.01237,1.01237,1.01237,1.01237
524,2024-12-25T21:54:50.617Z,1.01237,1.01237,1.01237,1.01237
525,2024-12-25T21:54:51.101Z,1.01234,1.01234,1.01234,1.01234
526,2024-12-25T21:54:51.587Z,1.01236,1.01236,1.01236,1.01236
527,2024-12-25T21:54:52.087Z,1.01236,1.01236,1.01236,1.01236
528,2024-12-25T21:54:52.602Z,1.01237,1.01237,1.01237,1.01237
529,2024-12-25T21:54:53.087Z,1.01238,1.01238,1.01238,1.01238
530,2024-12-25T21:54:53.603Z,1.01234,1.01234,1.01234,1.01234
531,2024-12-25T21:54:54.103Z,1.01235,1.01235,1.01235,1.01235
532,2024-12-25T21:54:54.602Z,1.01237,1.01237,1.01237,1.01237
533,2024-12-25T21:54:55.088Z,1.01235,1.01235,1.01235,1.01235
534,2024-12-25T21:54:55.589Z,1.01238,1.01238,1.01238,1.01238
535,2024-12-25T21:54:56.090Z,1.01237,1.01237,1.01237,1.01237
536,2024-12-25T21:54:56.589Z,1.01238,1.01238,1.01238,1.01238
537,2024-12-25T21:54:57.105Z,1.01236,1.01236,1.01236,1.01236
538,2024-12-25T21:54:57.606Z,1.01235,1.01235,1.01235,1.01235
539,2024-12-25T21:54:58.121Z,1.01236,1.01236,1.01236,1.01236
540,2024-12-25T21:54:58.605Z,1.01242,1.01242,1.01242,1.01242
541,2024-12-25T21:54:59.105Z,1.01238,1.01238,1.01238,1.01238
542,2024-12-25T21:54:59.636Z,1.0124,1.0124,1.0124,1.0124
543,2024-12-25T21:55:00.107Z,1.01234,1.01234,1.01234,1.01234
544,2024-12-25T21:55:00.623Z,1.01233,1.01233,1.01233,1.01233
545,2024-12-25T21:55:01.124Z,1.01232,1.01232,1.01232,1.01232
546,2024-12-25T21:55:01.657Z,1.01232,1.01232,1.01232,1.01232
547,2024-12-25T21:55:02.141Z,1.01233,1.01233,1.01233,1.01233
548,2024-12-25T21:55:02.625Z,1.01231,1.01231,1.01231,1.01231
549,2024-12-25T21:55:03.141Z,1.0123,1.0123,1.0123,1.0123
550,2024-12-25T21:55:03.609Z,1.01225,1.01225,1.01225,1.01225
551,2024-12-25T21:55:04.125Z,1.01226,1.01226,1.01226,1.01226
552,2024-12-25T21:55:04.626Z,1.01223,1.01223,1.01223,1.01223
553,2024-12-25T21:55:05.112Z,1.01222,1.01222,1.01222,1.01222
554,2024-12-25T21:55:05.613Z,1.01223,1.01223,1.01223,1.01223
555,2024-12-25T21:55:06.113Z,1.01222,1.01222,1.01222,1.01222
556,2024-12-25T21:55:06.644Z,1.01217,1.01217,1.01217,1.01217
557,2024-12-25T21:55:07.144Z,1.01215,1.01215,1.01215,1.01215
558,2024-12-25T21:55:07.644Z,1.01214,1.01214,1.01214,1.01214
559,2024-12-25T21:55:08.128Z,1.01214,1.01214,1.01214,1.01214
560,2024-12-25T21:55:08.644Z,1.01217,1.01217,1.01217,1.01217
561,2024-12-25T21:55:09.128Z,1.01216,1.01216,1.01216,1.01216
562,2024-12-25T21:55:09.660Z,1.01214,1.01214,1.01214,1.01214
563,2024-12-25T21:55:10.130Z,1.01212,1.01212,1.01212,1.01212
564,2024-12-25T21:55:10.630Z,1.01212,1.01212,1.01212,1.01212
565,2024-12-25T21:55:11.178Z,1.01202,1.01202,1.01202,1.01202
566,2024-12-25T21:55:11.632Z,1.012,1.012,1.012,1.012
567,2024-12-25T21:55:12.133Z,1.01201,1.01201,1.01201,1.01201
568,2024-12-25T21:55:12.632Z,1.01198,1.01198,1.01198,1.01198
569,2024-12-25T21:55:13.133Z,1.01199,1.01199,1.01199,1.01199
570,2024-12-25T21:55:13.649Z,1.01201,1.01201,1.01201,1.01201
571,2024-12-25T21:55:14.132Z,1.01202,1.01202,1.01202,1.01202
572,2024-12-25T21:55:14.632Z,1.01203,1.01203,1.01203,1.01203
573,2024-12-25T21:55:15.135Z,1.01202,1.01202,1.01202,1.01202
574,2024-12-25T21:55:15.636Z,1.01202,1.01202,1.01202,1.01202
575,2024-12-25T21:55:16.136Z,1.01201,1.01201,1.01201,1.01201
576,2024-12-25T21:55:16.637Z,1.01199,1.01199,1.01199,1.01199
577,2024-12-25T21:55:17Z,1.01199,1.01199,1.01199,1.01199
578,2024-12-25T21:55:17.636Z,1.01197,1.01197,1.01197,1.01197
579,2024-12-25T21:55:18.152Z,1.01202,1.01202,1.01202,1.01202
580,2024-12-25T21:55:18.637Z,1.01204,1.01204,1.01204,1.01204
581,2024-12-25T21:55:19.152Z,1.01201,1.01201,1.01201,1.01201
582,2024-12-25T21:55:19.653Z,1.01202,1.01202,1.01202,1.01202
583,2024-12-25T21:55:20.001Z,1.01202,1.01202,1.01202,1.01202
584,2024-12-25T21:55:20.639Z,1.01197,1.01197,1.01197,1.01197
585,2024-12-25T21:55:21.156Z,1.01196,1.01196,1.01196,1.01196
586,2024-12-25T21:55:21.642Z,1.01197,1.01197,1.01197,1.01197
587,2024-12-25T21:55:22.157Z,1.01198,1.01198,1.01198,1.01198
588,2024-12-25T21:55:22.642Z,1.01195,1.01195,1.01195,1.01195
589,2024-12-25T21:55:23.002Z,1.01195,1.01195,1.01195,1.01195
590,2024-12-25T21:55:23.657Z,1.01196,1.01196,1.01196,1.01196
591,2024-12-25T21:55:24.141Z,1.012,1.012,1.012,1.012
592,2024-12-25T21:55:24.657Z,1.01206,1.01206,1.01206,1.01206
593,2024-12-25T21:55:25.159Z,1.01207,1.01207,1.01207,1.01207
594,2024-12-25T21:55:25.645Z,1.01206,1.01206,1.01206,1.01206
595,2024-12-25T21:55:26.003Z,1.01206,1.01206,1.01206,1.01206
596,2024-12-25T21:55:26.660Z,1.01209,1.01209,1.01209,1.01209
597,2024-12-25T21:55:27.160Z,1.01208,1.01208,1.01208,1.01208
598,2024-12-25T21:55:27.660Z,1.01207,1.01207,1.01207,1.01207
599,2024-12-25T21:55:28.145Z,1.01206,1.01206,1.01206,1.01206
600,2024-12-25T21:55:28.659Z,1.01205,1.01205,1.01205,1.01205
601,2024-12-25T21:55:29.004Z,1.01205,1.01205,1.01205,1.01205
602,2024-12-25T21:55:29.645Z,1.01202,1.01202,1.01202,1.01202
603,2024-12-25T21:55:30.146Z,1.01203,1.01203,1.01203,1.01203
604,2024-12-25T21:55:30.647Z,1.01204,1.01204,1.01204,1.01204
605,2024-12-25T21:55:31.148Z,1.01203,1.01203,1.01203,1.01203
606,2024-12-25T21:55:31.664Z,1.01205,1.01205,1.01205,1.01205
607,2024-12-25T21:55:32.003Z,1.01205,1.01205,1.01205,1.01205
608,2024-12-25T21:55:32.650Z,1.01201,1.01201,1.01201,1.01201
609,2024-12-25T21:55:33.149Z,1.01198,1.01198,1.01198,1.01198
610,2024-12-25T21:55:33.648Z,1.01197,1.01197,1.01197,1.01197
611,2024-12-25T21:55:34.148Z,1.01196,1.01196,1.01196,1.01196
612,2024-12-25T21:55:34.664Z,1.01198,1.01198,1.01198,1.01198
613,2024-12-25T21:55:35.004Z,1.01198,1.01198,1.01198,1.01198
614,2024-12-25T21:55:35.652Z,1.012,1.012,1.012,1.012
615,2024-12-25T21:55:36.152Z,1.01202,1.01202,1.01202,1.01202
616,2024-12-25T21:55:36.651Z,1.012,1.012,1.012,1.012
617,2024-12-25T21:55:37.152Z,1.01197,1.01197,1.01197,1.01197
618,2024-12-25T21:55:37.651Z,1.01196,1.01196,1.01196,1.01196
619,2024-12-25T21:55:38.007Z,1.01196,1.01196,1.01196,1.01196
620,2024-12-25T21:55:38.651Z,1.01193,1.01193,1.01193,1.01193
621,2024-12-25T21:55:39.151Z,1.01191,1.01191,1.01191,1.01191
622,2024-12-25T21:55:39.652Z,1.01187,1.01187,1.01187,1.01187
623,2024-12-25T21:55:40.153Z,1.01184,1.01184,1.01184,1.01184
624,2024-12-25T21:55:40.654Z,1.01183,1.01183,1.01183,1.01183
625,2024-12-25T21:55:41.008Z,1.01183,1.01183,1.01183,1.01183
626,2024-12-25T21:55:41.656Z,1.01186,1.01186,1.01186,1.01186
627,2024-12-25T21:55:42.156Z,1.01186,1.01186,1.01186,1.01186
628,2024-12-25T21:55:42.655Z,1.01188,1.01188,1.01188,1.01188
629,2024-12-25T21:55:43.155Z,1.01189,1.01189,1.01189,1.01189
630,2024-12-25T21:55:43.655Z,1.01188,1.01188,1.01188,1.01188
631,2024-12-25T21:55:44.010Z,1.01188,1.01188,1.01188,1.01188
632,2024-12-25T21:55:44.672Z,1.01185,1.01185,1.01185,1.01185
633,2024-12-25T21:55:45.157Z,1.01184,1.01184,1.01184,1.01184
634,2024-12-25T21:55:45.657Z,1.01183,1.01183,1.01183,1.01183
635,2024-12-25T21:55:46.157Z,1.01181,1.01181,1.01181,1.01181
636,2024-12-25T21:55:46.657Z,1.0118,1.0118,1.0118,1.0118
637,2024-12-25T21:55:47.010Z,1.0118,1.0118,1.0118,1.0118
638,2024-12-25T21:55:47.658Z,1.01183,1.01183,1.01183,1.01183
639,2024-12-25T21:55:48.157Z,1.01182,1.01182,1.01182,1.01182
640,2024-12-25T21:55:48.658Z,1.0118,1.0118,1.0118,1.0118
641,2024-12-25T21:55:49.158Z,1.01182,1.01182,1.01182,1.01182
642,2024-12-25T21:55:49.657Z,1.01184,1.01184,1.01184,1.01184
643,2024-12-25T21:55:50.012Z,1.01184,1.01184,1.01184,1.01184
644,2024-12-25T21:55:50.676Z,1.01185,1.01185,1.01185,1.01185
645,2024-12-25T21:55:51.160Z,1.01182,1.01182,1.01182,1.01182
646,2024-12-25T21:55:51.662Z,1.0118,1.0118,1.0118,1.0118
647,2024-12-25T21:55:52.162Z,1.01179,1.01179,1.01179,1.01179
648,2024-12-25T21:55:52.663Z,1.01179,1.01179,1.01179,1.01179
649,2024-12-25T21:55:53.013Z,1.01179,1.01179,1.01179,1.01179
650,2024-12-25T21:55:53.662Z,1.01177,1.01177,1.01177,1.01177
651,2024-12-25T21:55:54.163Z,1.01179,1.01179,1.01179,1.01179
652,2024-12-25T21:55:54.662Z,1.01181,1.01181,1.01181,1.01181
653,2024-12-25T21:55:55.165Z,1.01179,1.01179,1.01179,1.01179
654,2024-12-25T21:55:55.666Z,1.01173,1.01173,1.01173,1.01173
655,2024-12-25T21:55:56.014Z,1.01173,1.01173,1.01173,1.01173
656,2024-12-25T21:55:56.666Z,1.01167,1.01167,1.01167,1.01167
657,2024-12-25T21:55:57.166Z,1.01166,1.01166,1.01166,1.01166
658,2024-12-25T21:55:57.666Z,1.01169,1.01169,1.01169,1.01169
659,2024-12-25T21:55:58.181Z,1.01161,1.01161,1.01161,1.01161
660,2024-12-25T21:55:58.697Z,1.01161,1.01161,1.01161,1.01161
661,2024-12-25T21:55:59.014Z,1.01161,1.01161,1.01161,1.01161
662,2024-12-25T21:55:59.696Z,1.01162,1.01162,1.01162,1.01162
663,2024-12-25T21:56:00.183Z,1.01162,1.01162,1.01162,1.01162
664,2024-12-25T21:56:00.684Z,1.01161,1.01161,1.01161,1.01161
665,2024-12-25T21:56:01.184Z,1.01158,1.01158,1.01158,1.01158
666,2024-12-25T21:56:01.701Z,1.01156,1.01156,1.01156,1.01156
667,2024-12-25T21:56:02.015Z,1.01156,1.01156,1.01156,1.01156
668,2024-12-25T21:56:02.686Z,1.01154,1.01154,1.01154,1.01154
669,2024-12-25T21:56:03.185Z,1.01155,1.01155,1.01155,1.01155
670,2024-12-25T21:56:03.685Z,1.01155,1.01155,1.01155,1.01155
671,2024-12-25T21:56:04.186Z,1.01154,1.01154,1.01154,1.01154
672,2024-12-25T21:56:04.686Z,1.01155,1.01155,1.01155,1.01155
673,2024-12-25T21:56:05.017Z,1.01155,1.01155,1.01155,1.01155
674,2024-12-25T21:56:05.219Z,1.01157,1.01157,1.01157,1.01157
675,2024-12-25T21:56:05.689Z,1.01158,1.01158,1.01158,1.01158
676,2024-12-25T21:56:06.188Z,1.01161,1.01161,1.01161,1.01161
677,2024-12-25T21:56:06.689Z,1.01162,1.01162,1.01162,1.01162
678,2024-12-25T21:56:07.188Z,1.0116,1.0116,1.0116,1.0116
679,2024-12-25T21:56:07.688Z,1.01163,1.01163,1.01163,1.01163
680,2024-12-25T21:56:08.019Z,1.01163,1.01163,1.01163,1.01163
681,2024-12-25T21:56:08.689Z,1.01168,1.01168,1.01168,1.01168
682,2024-12-25T21:56:09.189Z,1.01168,1.01168,1.01168,1.01168
683,2024-12-25T21:56:09.688Z,1.01165,1.01165,1.01165,1.01165
684,2024-12-25T21:56:10.190Z,1.01166,1.01166,1.01166,1.01166
685,2024-12-25T21:56:10.691Z,1.01165,1.01165,1.01165,1.01165
686,2024-12-25T21:56:11.019Z,1.01165,1.01165,1.01165,1.01165
687,2024-12-25T21:56:11.693Z,1.01162,1.01162,1.01162,1.01162
688,2024-12-25T21:56:12.193Z,1.01161,1.01161,1.01161,1.01161
689,2024-12-25T21:56:12.693Z,1.01156,1.01156,1.01156,1.01156
690,2024-12-25T21:56:13.193Z,1.01157,1.01157,1.01157,1.01157
691,2024-12-25T21:56:13.692Z,1.01159,1.01159,1.01159,1.01159
692,2024-12-25T21:56:14.020Z,1.01159,1.01159,1.01159,1.01159
693,2024-12-25T21:56:14.693Z,1.0116,1.0116,1.0116,1.0116
694,2024-12-25T21:56:15.195Z,1.01154,1.01154,1.01154,1.01154
695,2024-12-25T21:56:15.697Z,1.01145,1.01145,1.01145,1.01145
696,2024-12-25T21:56:16.197Z,1.01147,1.01147,1.01147,1.01147
697,2024-12-25T21:56:16.696Z,1.01142,1.01142,1.01142,1.01142
698,2024-12-25T21:56:17.021Z,1.01142,1.01142,1.01142,1.01142
699,2024-12-25T21:56:17.696Z,1.01141,1.01141,1.01141,1.01141
700,2024-12-25T21:56:18.196Z,1.01144,1.01144,1.01144,1.01144
701,2024-12-25T21:56:18.696Z,1.01142,1.01142,1.01142,1.01142
702,2024-12-25T21:56:19.196Z,1.01142,1.01142,1.01142,1.01142
703,2024-12-25T21:56:19.696Z,1.0114,1.0114,1.0114,1.0114
704,2024-12-25T21:56:20.023Z,1.0114,1.0114,1.0114,1.0114
705,2024-12-25T21:56:20.699Z,1.0114,1.0114,1.0114,1.0114
706,2024-12-25T21:56:21.199Z,1.01138,1.01138,1.01138,1.01138
707,2024-12-25T21:56:21.701Z,1.01146,1.01146,1.01146,1.01146
708,2024-12-25T21:56:22.201Z,1.0115,1.0115,1.0115,1.0115
709,2024-12-25T21:56:22.717Z,1.0115,1.0115,1.0115,1.0115
710,2024-12-25T21:56:23.024Z,1.0115,1.0115,1.0115,1.0115
711,2024-12-25T21:56:23.701Z,1.0115,1.0115,1.0115,1.0115
712,2024-12-25T21:56:24.216Z,1.01149,1.01149,1.01149,1.01149
713,2024-12-25T21:56:24.700Z,1.01149,1.01149,1.01149,1.01149
714,2024-12-25T21:56:25.221Z,1.01146,1.01146,1.01146,1.01146
715,2024-12-25T21:56:25.704Z,1.01147,1.01147,1.01147,1.01147
716,2024-12-25T21:56:26.023Z,1.01147,1.01147,1.01147,1.01147
717,2024-12-25T21:56:26.704Z,1.01144,1.01144,1.01144,1.01144
718,2024-12-25T21:56:27.219Z,1.01143,1.01143,1.01143,1.01143
719,2024-12-25T21:56:27.720Z,1.01142,1.01142,1.01142,1.01142
720,2024-12-25T21:56:28.219Z,1.01144,1.01144,1.01144,1.01144
721,2024-12-25T21:56:28.735Z,1.01145,1.01145,1.01145,1.01145
722,2024-12-25T21:56:29.025Z,1.01145,1.01145,1.01145,1.01145
723,2024-12-25T21:56:29.735Z,1.01146,1.01146,1.01146,1.01146
724,2024-12-25T21:56:30.221Z,1.01147,1.01147,1.01147,1.01147
725,2024-12-25T21:56:30.723Z,1.01145,1.01145,1.01145,1.01145
726,2024-12-25T21:56:31.222Z,1.01143,1.01143,1.01143,1.01143
727,2024-12-25T21:56:31.742Z,1.01146,1.01146,1.01146,1.01146
728,2024-12-25T21:56:32.026Z,1.01146,1.01146,1.01146,1.01146
729,2024-12-25T21:56:32.226Z,1.01147,1.01147,1.01147,1.01147
730,2024-12-25T21:56:32.725Z,1.01153,1.01153,1.01153,1.01153
731,2024-12-25T21:56:33.225Z,1.01154,1.01154,1.01154,1.01154
732,2024-12-25T21:56:33.725Z,1.01153,1.01153,1.01153,1.01153
733,2024-12-25T21:56:34.224Z,1.01152,1.01152,1.01152,1.01152
734,2024-12-25T21:56:34.742Z,1.01152,1.01152,1.01152,1.01152
735,2024-12-25T21:56:35.026Z,1.01152,1.01152,1.01152,1.01152
736,2024-12-25T21:56:35.227Z,1.01152,1.01152,1.01152,1.01152
737,2024-12-25T21:56:35.728Z,1.0115,1.0115,1.0115,1.0115
738,2024-12-25T21:56:36.227Z,1.0115,1.0115,1.0115,1.0115
739,2024-12-25T21:56:36.728Z,1.0115,1.0115,1.0115,1.0115
740,2024-12-25T21:56:37.243Z,1.01152,1.01152,1.01152,1.01152
741,2024-12-25T21:56:37.743Z,1.0115,1.0115,1.0115,1.0115
742,2024-12-25T21:56:38.029Z,1.0115,1.0115,1.0115,1.0115
743,2024-12-25T21:56:38.246Z,1.01151,1.01151,1.01151,1.01151
744,2024-12-25T21:56:38.744Z,1.01149,1.01149,1.01149,1.01149
745,2024-12-25T21:56:39.228Z,1.01149,1.01149,1.01149,1.01149
746,2024-12-25T21:56:39.743Z,1.01149,1.01149,1.01149,1.01149
747,2024-12-25T21:56:40.247Z,1.0115,1.0115,1.0115,1.0115
748,2024-12-25T21:56:40.749Z,1.01149,1.01149,1.01149,1.01149
749,2024-12-25T21:56:41.028Z,1.01149,1.01149,1.01149,1.01149
750,2024-12-25T21:56:41.246Z,1.01147,1.01147,1.01147,1.01147
751,2024-12-25T21:56:41.750Z,1.01146,1.01146,1.01146,1.01146
752,2024-12-25T21:56:42.228Z,1.01146,1.01146,1.01146,1.01146
753,2024-12-25T21:56:42.747Z,1.01146,1.01146,1.01146,1.01146
754,2024-12-25T21:56:43.250Z,1.01147,1.01147,1.01147,1.01147
755,2024-12-25T21:56:43.749Z,1.01146,1.01146,1.01146,1.01146
756,2024-12-25T21:56:44.028Z,1.01146,1.01146,1.01146,1.01146
757,2024-12-25T21:56:44.251Z,1.01143,1.01143,1.01143,1.01143
758,2024-12-25T21:56:44.751Z,1.01146,1.01146,1.01146,1.01146
759,2024-12-25T21:56:45.229Z,1.01146,1.01146,1.01146,1.01146
760,2024-12-25T21:56:45.751Z,1.01154,1.01154,1.01154,1.01154
761,2024-12-25T21:56:46.252Z,1.01153,1.01153,1.01153,1.01153
762,2024-12-25T21:56:46.754Z,1.01154,1.01154,1.01154,1.01154
763,2024-12-25T21:56:47.030Z,1.01154,1.01154,1.01154,1.01154
764,2024-12-25T21:56:47.254Z,1.01156,1.01156,1.01156,1.01156
765,2024-12-25T21:56:47.753Z,1.01154,1.01154,1.01154,1.01154
766,2024-12-25T21:56:48.232Z,1.01154,1.01154,1.01154,1.01154
767,2024-12-25T21:56:48.750Z,1.01152,1.01152,1.01152,1.01152
768,2024-12-25T21:56:49.254Z,1.0115,1.0115,1.0115,1.0115
769,2024-12-25T21:56:49.754Z,1.01153,1.01153,1.01153,1.01153
770,2024-12-25T21:56:50.033Z,1.01153,1.01153,1.01153,1.01153
771,2024-12-25T21:56:50.268Z,1.01154,1.01154,1.01154,1.01154
772,2024-12-25T21:56:50.757Z,1.01151,1.01151,1.01151,1.01151
773,2024-12-25T21:56:51.233Z,1.01151,1.01151,1.01151,1.01151
774,2024-12-25T21:56:51.758Z,1.01152,1.01152,1.01152,1.01152
775,2024-12-25T21:56:52.258Z,1.01151,1.01151,1.01151,1.01151
776,2024-12-25T21:56:52.756Z,1.01152,1.01152,1.01152,1.01152
777,2024-12-25T21:56:53.034Z,1.01152,1.01152,1.01152,1.01152
778,2024-12-25T21:56:53.259Z,1.01143,1.01143,1.01143,1.01143
779,2024-12-25T21:56:53.757Z,1.01144,1.01144,1.01144,1.01144
780,2024-12-25T21:56:54.234Z,1.01144,1.01144,1.01144,1.01144
781,2024-12-25T21:56:54.775Z,1.01145,1.01145,1.01145,1.01145
782,2024-12-25T21:56:55.261Z,1.01146,1.01146,1.01146,1.01146
783,2024-12-25T21:56:55.791Z,1.01149,1.01149,1.01149,1.01149
784,2024-12-25T21:56:56.035Z,1.01149,1.01149,1.01149,1.01149
785,2024-12-25T21:56:56.274Z,1.0115,1.0115,1.0115,1.0115
786,2024-12-25T21:56:56.777Z,1.01149,1.01149,1.01149,1.01149
787,2024-12-25T21:56:57.235Z,1.01149,1.01149,1.01149,1.01149
788,2024-12-25T21:56:57.775Z,1.01147,1.01147,1.01147,1.01147
789,2024-12-25T21:56:58.274Z,1.01144,1.01144,1.01144,1.01144
790,2024-12-25T21:56:58.775Z,1.01144,1.01144,1.01144,1.01144
791,2024-12-25T21:56:59.038Z,1.01144,1.01144,1.01144,1.01144
792,2024-12-25T21:56:59.275Z,1.01145,1.01145,1.01145,1.01145
793,2024-12-25T21:56:59.774Z,1.01148,1.01148,1.01148,1.01148
794,2024-12-25T21:57:00.239Z,1.01148,1.01148,1.01148,1.01148
795,2024-12-25T21:57:00.783Z,1.01149,1.01149,1.01149,1.01149
796,2024-12-25T21:57:01.277Z,1.01151,1.01151,1.01151,1.01151
797,2024-12-25T21:57:01.780Z,1.0115,1.0115,1.0115,1.0115
798,2024-12-25T21:57:02.038Z,1.0115,1.0115,1.0115,1.0115
799,2024-12-25T21:57:02.314Z,1.01152,1.01152,1.01152,1.01152
800,2024-12-25T21:57:02.779Z,1.01151,1.01151,1.01151,1.01151
801,2024-12-25T21:57:03.239Z,1.01151,1.01151,1.01151,1.01151
802,2024-12-25T21:57:03.779Z,1.01152,1.01152,1.01152,1.01152
803,2024-12-25T21:57:04.279Z,1.01149,1.01149,1.01149,1.01149
804,2024-12-25T21:57:04.780Z,1.0115,1.0115,1.0115,1.0115
805,2024-12-25T21:57:05.041Z,1.0115,1.0115,1.0115,1.0115
806,2024-12-25T21:57:05.282Z,1.01151,1.01151,1.01151,1.01151
807,2024-12-25T21:57:05.797Z,1.01153,1.01153,1.01153,1.01153
808,2024-12-25T21:57:06.242Z,1.01153,1.01153,1.01153,1.01153
809,2024-12-25T21:57:06.781Z,1.01155,1.01155,1.01155,1.01155
810,2024-12-25T21:57:07.282Z,1.01156,1.01156,1.01156,1.01156
811,2024-12-25T21:57:07.782Z,1.01155,1.01155,1.01155,1.01155
812,2024-12-25T21:57:08.043Z,1.01155,1.01155,1.01155,1.01155
813,2024-12-25T21:57:08.282Z,1.01155,1.01155,1.01155,1.01155
814,2024-12-25T21:57:08.797Z,1.01151,1.01151,1.01151,1.01151
815,2024-12-25T21:57:09.243Z,1.01151,1.01151,1.01151,1.01151
816,2024-12-25T21:57:09.797Z,1.01151,1.01151,1.01151,1.01151
817,2024-12-25T21:57:10.301Z,1.01152,1.01152,1.01152,1.01152
818,2024-12-25T21:57:10.801Z,1.01153,1.01153,1.01153,1.01153
819,2024-12-25T21:57:11.044Z,1.01153,1.01153,1.01153,1.01153
820,2024-12-25T21:57:11.319Z,1.01154,1.01154,1.01154,1.01154
821,2024-12-25T21:57:11.818Z,1.01155,1.01155,1.01155,1.01155
822,2024-12-25T21:57:12.245Z,1.01155,1.01155,1.01155,1.01155
823,2024-12-25T21:57:12.836Z,1.01155,1.01155,1.01155,1.01155
824,2024-12-25T21:57:13.336Z,1.01156,1.01156,1.01156,1.01156
825,2024-12-25T21:57:13.850Z,1.01152,1.01152,1.01152,1.01152
826,2024-12-25T21:57:14.333Z,1.0115,1.0115,1.0115,1.0115
827,2024-12-25T21:57:14.834Z,1.0115,1.0115,1.0115,1.0115
828,2024-12-25T21:57:15.246Z,1.0115,1.0115,1.0115,1.0115
829,2024-12-25T21:57:15.838Z,1.01148,1.01148,1.01148,1.01148
830,2024-12-25T21:57:16.339Z,1.01149,1.01149,1.01149,1.01149
831,2024-12-25T21:57:16.837Z,1.01149,1.01149,1.01149,1.01149
832,2024-12-25T21:57:17.047Z,1.01149,1.01149,1.01149,1.01149
833,2024-12-25T21:57:17.340Z,1.01148,1.01148,1.01148,1.01148
834,2024-12-25T21:57:17.853Z,1.01151,1.01151,1.01151,1.01151
835,2024-12-25T21:57:18.247Z,1.01151,1.01151,1.01151,1.01151
836,2024-12-25T21:57:18.853Z,1.01154,1.01154,1.01154,1.01154
837,2024-12-25T21:57:19.367Z,1.01153,1.01153,1.01153,1.01153
838,2024-12-25T21:57:19.869Z,1.01154,1.01154,1.01154,1.01154
839,2024-12-25T21:57:20.355Z,1.01156,1.01156,1.01156,1.01156
840,2024-12-25T21:57:20.858Z,1.01156,1.01156,1.01156,1.01156
841,2024-12-25T21:57:21.248Z,1.01156,1.01156,1.01156,1.01156
842,2024-12-25T21:57:21.859Z,1.01152,1.01152,1.01152,1.01152
843,2024-12-25T21:57:22.356Z,1.01154,1.01154,1.01154,1.01154
844,2024-12-25T21:57:22.859Z,1.01153,1.01153,1.01153,1.01153
845,2024-12-25T21:57:23.372Z,1.01155,1.01155,1.01155,1.01155
846,2024-12-25T21:57:23.857Z,1.01155,1.01155,1.01155,1.01155
847,2024-12-25T21:57:24.249Z,1.01155,1.01155,1.01155,1.01155
848,2024-12-25T21:57:24.857Z,1.01154,1.01154,1.01154,1.01154
849,2024-12-25T21:57:25.362Z,1.01152,1.01152,1.01152,1.01152
850,2024-12-25T21:57:25.878Z,1.01154,1.01154,1.01154,1.01154
851,2024-12-25T21:57:26.376Z,1.01152,1.01152,1.01152,1.01152
852,2024-12-25T21:57:26.859Z,1.01155,1.01155,1.01155,1.01155
853,2024-12-25T21:57:27.248Z,1.01155,1.01155,1.01155,1.01155
854,2024-12-25T21:57:27.862Z,1.01154,1.01154,1.01154,1.01154
855,2024-12-25T21:57:28.362Z,1.01155,1.01155,1.01155,1.01155
856,2024-12-25T21:57:28.859Z,1.01152,1.01152,1.01152,1.01152
857,2024-12-25T21:57:29.362Z,1.01151,1.01151,1.01151,1.01151
858,2024-12-25T21:57:29.862Z,1.01142,1.01142,1.01142,1.01142
859,2024-12-25T21:57:30.249Z,1.01142,1.01142,1.01142,1.01142
860,2024-12-25T21:57:30.865Z,1.01141,1.01141,1.01141,1.01141
861,2024-12-25T21:57:31.366Z,1.01143,1.01143,1.01143,1.01143
862,2024-12-25T21:57:31.867Z,1.01144,1.01144,1.01144,1.01144
863,2024-12-25T21:57:32.380Z,1.01147,1.01147,1.01147,1.01147
864,2024-12-25T21:57:32.867Z,1.01146,1.01146,1.01146,1.01146
865,2024-12-25T21:57:33.250Z,1.01146,1.01146,1.01146,1.01146
866,2024-12-25T21:57:33.867Z,1.01145,1.01145,1.01145,1.01145
867,2024-12-25T21:57:34.363Z,1.01149,1.01149,1.01149,1.01149
868,2024-12-25T21:57:34.867Z,1.0115,1.0115,1.0115,1.0115
869,2024-12-25T21:57:35.366Z,1.0115,1.0115,1.0115,1.0115
870,2024-12-25T21:57:35.871Z,1.01151,1.01151,1.01151,1.01151
871,2024-12-25T21:57:36.252Z,1.01151,1.01151,1.01151,1.01151
872,2024-12-25T21:57:36.869Z,1.01155,1.01155,1.01155,1.01155
873,2024-12-25T21:57:37.371Z,1.01154,1.01154,1.01154,1.01154
874,2024-12-25T21:57:37.870Z,1.01153,1.01153,1.01153,1.01153
875,2024-12-25T21:57:38.366Z,1.01154,1.01154,1.01154,1.01154
876,2024-12-25T21:57:38.867Z,1.01152,1.01152,1.01152,1.01152
877,2024-12-25T21:57:39.252Z,1.01152,1.01152,1.01152,1.01152
878,2024-12-25T21:57:39.902Z,1.01153,1.01153,1.01153,1.01153
879,2024-12-25T21:57:40.402Z,1.01154,1.01154,1.01154,1.01154
880,2024-12-25T21:57:40.885Z,1.01155,1.01155,1.01155,1.01155
881,2024-12-25T21:57:41.390Z,1.01155,1.01155,1.01155,1.01155
882,2024-12-25T21:57:41.890Z,1.01157,1.01157,1.01157,1.01157
883,2024-12-25T21:57:42.253Z,1.01157,1.01157,1.01157,1.01157
884,2024-12-25T21:57:42.890Z,1.01162,1.01162,1.01162,1.01162
885,2024-12-25T21:57:43.390Z,1.01161,1.01161,1.01161,1.01161
886,2024-12-25T21:57:43.887Z,1.01165,1.01165,1.01165,1.01165
887,2024-12-25T21:57:44.389Z,1.01164,1.01164,1.01164,1.01164
888,2024-12-25T21:57:44.891Z,1.01167,1.01167,1.01167,1.01167
889,2024-12-25T21:57:45.254Z,1.01167,1.01167,1.01167,1.01167
890,2024-12-25T21:57:45.890Z,1.01171,1.01171,1.01171,1.01171
891,2024-12-25T21:57:46.392Z,1.01167,1.01167,1.01167,1.01167
892,2024-12-25T21:57:46.893Z,1.01165,1.01165,1.01165,1.01165
893,2024-12-25T21:57:47.393Z,1.01166,1.01166,1.01166,1.01166
894,2024-12-25T21:57:47.893Z,1.01168,1.01168,1.01168,1.01168
895,2024-12-25T21:57:48.256Z,1.01168,1.01168,1.01168,1.01168
896,2024-12-25T21:57:48.890Z,1.01163,1.01163,1.01163,1.01163
897,2024-12-25T21:57:49.393Z,1.01165,1.01165,1.01165,1.01165
898,2024-12-25T21:57:49.894Z,1.01165,1.01165,1.01165,1.01165
899,2024-12-25T21:57:50.396Z,1.01166,1.01166,1.01166,1.01166
900,2024-12-25T21:57:50.892Z,1.01169,1.01169,1.01169,1.01169
901,2024-12-25T21:57:51.258Z,1.01169,1.01169,1.01169,1.01169
902,2024-12-25T21:57:51.897Z,1.0117,1.0117,1.0117,1.0117
903,2024-12-25T21:57:52.398Z,1.01169,1.01169,1.01169,1.01169
904,2024-12-25T21:57:52.897Z,1.01171,1.01171,1.01171,1.01171
905,2024-12-25T21:57:53.397Z,1.01172,1.01172,1.01172,1.01172
906,2024-12-25T21:57:53.912Z,1.01173,1.01173,1.01173,1.01173
907,2024-12-25T21:57:54.258Z,1.01173,1.01173,1.01173,1.01173
908,2024-12-25T21:57:54.898Z,1.01176,1.01176,1.01176,1.01176
909,2024-12-25T21:57:55.412Z,1.01178,1.01178,1.01178,1.01178
910,2024-12-25T21:57:55.900Z,1.01179,1.01179,1.01179,1.01179
911,2024-12-25T21:57:56.400Z,1.0118,1.0118,1.0118,1.0118
912,2024-12-25T21:57:56.899Z,1.01179,1.01179,1.01179,1.01179
913,2024-12-25T21:57:57.259Z,1.01179,1.01179,1.01179,1.01179
914,2024-12-25T21:57:57.902Z,1.01171,1.01171,1.01171,1.01171
915,2024-12-25T21:57:58.399Z,1.01169,1.01169,1.01169,1.01169
916,2024-12-25T21:57:58.912Z,1.01168,1.01168,1.01168,1.01168
917,2024-12-25T21:57:59.401Z,1.0117,1.0117,1.0117,1.0117
918,2024-12-25T21:57:59.901Z,1.01172,1.01172,1.01172,1.01172
919,2024-12-25T21:58:00.259Z,1.01172,1.01172,1.01172,1.01172
920,2024-12-25T21:58:00.902Z,1.01174,1.01174,1.01174,1.01174
921,2024-12-25T21:58:01.404Z,1.01173,1.01173,1.01173,1.01173
922,2024-12-25T21:58:01.918Z,1.01171,1.01171,1.01171,1.01171
923,2024-12-25T21:58:02.401Z,1.0118,1.0118,1.0118,1.0118
924,2024-12-25T21:58:02.904Z,1.01179,1.01179,1.01179,1.01179
925,2024-12-25T21:58:03.259Z,1.01179,1.01179,1.01179,1.01179
926,2024-12-25T21:58:03.903Z,1.01177,1.01177,1.01177,1.01177
927,2024-12-25T21:58:04.418Z,1.01179,1.01179,1.01179,1.01179
928,2024-12-25T21:58:04.905Z,1.01181,1.01181,1.01181,1.01181
929,2024-12-25T21:58:05.407Z,1.0118,1.0118,1.0118,1.0118
930,2024-12-25T21:58:05.904Z,1.01179,1.01179,1.01179,1.01179
931,2024-12-25T21:58:06.260Z,1.01179,1.01179,1.01179,1.01179
932,2024-12-25T21:58:06.907Z,1.01176,1.01176,1.01176,1.01176
933,2024-12-25T21:58:07.407Z,1.01176,1.01176,1.01176,1.01176
934,2024-12-25T21:58:07.907Z,1.01174,1.01174,1.01174,1.01174
935,2024-12-25T21:58:08.407Z,1.01174,1.01174,1.01174,1.01174
936,2024-12-25T21:58:08.904Z,1.01175,1.01175,1.01175,1.01175
937,2024-12-25T21:58:09.261Z,1.01175,1.01175,1.01175,1.01175
938,2024-12-25T21:58:09.952Z,1.0117,1.0117,1.0117,1.0117
939,2024-12-25T21:58:10.438Z,1.01172,1.01172,1.01172,1.01172
940,2024-12-25T21:58:10.941Z,1.01172,1.01172,1.01172,1.01172
941,2024-12-25T21:58:11.427Z,1.01172,1.01172,1.01172,1.01172
942,2024-12-25T21:58:11.928Z,1.01171,1.01171,1.01171,1.01171
943,2024-12-25T21:58:12.263Z,1.01171,1.01171,1.01171,1.01171
944,2024-12-25T21:58:12.928Z,1.0117,1.0117,1.0117,1.0117
945,2024-12-25T21:58:13.428Z,1.01169,1.01169,1.01169,1.01169
946,2024-12-25T21:58:13.927Z,1.0117,1.0117,1.0117,1.0117
947,2024-12-25T21:58:14.440Z,1.01169,1.01169,1.01169,1.01169
948,2024-12-25T21:58:14.941Z,1.01171,1.01171,1.01171,1.01171
949,2024-12-25T21:58:15.265Z,1.01171,1.01171,1.01171,1.01171
950,2024-12-25T21:58:15.959Z,1.01173,1.01173,1.01173,1.01173
951,2024-12-25T21:58:16.444Z,1.01168,1.01168,1.01168,1.01168
952,2024-12-25T21:58:16.958Z,1.0117,1.0117,1.0117,1.0117
953,2024-12-25T21:58:17.458Z,1.01173,1.01173,1.01173,1.01173
954,2024-12-25T21:58:17.946Z,1.01171,1.01171,1.01171,1.01171
955,2024-12-25T21:58:18.265Z,1.01171,1.01171,1.01171,1.01171
956,2024-12-25T21:58:18.959Z,1.01173,1.01173,1.01173,1.01173
957,2024-12-25T21:58:19.443Z,1.0117,1.0117,1.0117,1.0117
958,2024-12-25T21:58:19.944Z,1.0117,1.0117,1.0117,1.0117
959,2024-12-25T21:58:20.461Z,1.01168,1.01168,1.01168,1.01168
960,2024-12-25T21:58:20.946Z,1.01168,1.01168,1.01168,1.01168
961,2024-12-25T21:58:21.266Z,1.01168,1.01168,1.01168,1.01168
962,2024-12-25T21:58:21.948Z,1.01171,1.01171,1.01171,1.01171
963,2024-12-25T21:58:22.447Z,1.0117,1.0117,1.0117,1.0117
964,2024-12-25T21:58:22.949Z,1.01172,1.01172,1.01172,1.01172
965,2024-12-25T21:58:23.448Z,1.01174,1.01174,1.01174,1.01174
966,2024-12-25T21:58:23.949Z,1.01174,1.01174,1.01174,1.01174
967,2024-12-25T21:58:24.267Z,1.01174,1.01174,1.01174,1.01174
968,2024-12-25T21:58:24.949Z,1.01172,1.01172,1.01172,1.01172
969,2024-12-25T21:58:25.451Z,1.01173,1.01173,1.01173,1.01173
970,2024-12-25T21:58:25.967Z,1.01171,1.01171,1.01171,1.01171
971,2024-12-25T21:58:26.450Z,1.01168,1.01168,1.01168,1.01168
972,2024-12-25T21:58:26.967Z,1.01167,1.01167,1.01167,1.01167
973,2024-12-25T21:58:27.269Z,1.01167,1.01167,1.01167,1.01167
974,2024-12-25T21:58:27.951Z,1.01171,1.01171,1.01171,1.01171
975,2024-12-25T21:58:28.467Z,1.01168,1.01168,1.01168,1.01168
976,2024-12-25T21:58:28.981Z,1.01172,1.01172,1.01172,1.01172
977,2024-12-25T21:58:29.497Z,1.01173,1.01173,1.01173,1.01173
978,2024-12-25T21:58:29.983Z,1.01174,1.01174,1.01174,1.01174
979,2024-12-25T21:58:30.271Z,1.01174,1.01174,1.01174,1.01174
980,2024-12-25T21:58:30.485Z,1.01173,1.01173,1.01173,1.01173
981,2024-12-25T21:58:30.985Z,1.01172,1.01172,1.01172,1.01172
982,2024-12-25T21:58:31.471Z,1.01172,1.01172,1.01172,1.01172
983,2024-12-25T21:58:32.002Z,1.01171,1.01171,1.01171,1.01171
984,2024-12-25T21:58:32.502Z,1.01173,1.01173,1.01173,1.01173
985,2024-12-25T21:58:32.986Z,1.01174,1.01174,1.01174,1.01174
986,2024-12-25T21:58:33.273Z,1.01174,1.01174,1.01174,1.01174
987,2024-12-25T21:58:33.486Z,1.01174,1.01174,1.01174,1.01174
988,2024-12-25T21:58:33.987Z,1.01177,1.01177,1.01177,1.01177
989,2024-12-25T21:58:34.473Z,1.01177,1.01177,1.01177,1.01177
990,2024-12-25T21:58:34.988Z,1.01182,1.01182,1.01182,1.01182
991,2024-12-25T21:58:35.489Z,1.01176,1.01176,1.01176,1.01176
992,2024-12-25T21:58:35.974Z,1.01177,1.01177,1.01177,1.01177
993,2024-12-25T21:58:36.273Z,1.01177,1.01177,1.01177,1.01177
994,2024-12-25T21:58:36.489Z,1.01178,1.01178,1.01178,1.01178
995,2024-12-25T21:58:36.973Z,1.01183,1.01183,1.01183,1.01183
996,2024-12-25T21:58:37.473Z,1.01183,1.01183,1.01183,1.01183
997,2024-12-25T21:58:37.974Z,1.01178,1.01178,1.01178,1.01178
998,2024-12-25T21:58:38.474Z,1.01177,1.01177,1.01177,1.01177
999,2024-12-25T21:58:38.973Z,1.01167,1.01167,1.01167,1.01167
1000,2024-12-25T21:58:39.275Z,1.01167,1.01167,1.01167,1.01167
1001,2024-12-25T21:58:39.974Z,1.0117,1.0117,1.0117,1.0117
1002,2024-12-25T21:58:40.475Z,1.0117,1.0117,1.0117,1.0117
1003,2024-12-25T21:58:40.976Z,1.01171,1.01171,1.01171,1.01171
1004,2024-12-25T21:58:41.493Z,1.01171,1.01171,1.01171,1.01171
1005,2024-12-25T21:58:41.978Z,1.0117,1.0117,1.0117,1.0117
1006,2024-12-25T21:58:42.275Z,1.0117,1.0117,1.0117,1.0117
1007,2024-12-25T21:58:42.478Z,1.0117,1.0117,1.0117,1.0117
1008,2024-12-25T21:58:42.978Z,1.01163,1.01163,1.01163,1.01163
1009,2024-12-25T21:58:43.476Z,1.01163,1.01163,1.01163,1.01163
1010,2024-12-25T21:58:44.009Z,1.01161,1.01161,1.01161,1.01161
1011,2024-12-25T21:58:44.494Z,1.01162,1.01162,1.01162,1.01162
1012,2024-12-25T21:58:44.994Z,1.01162,1.01162,1.01162,1.01162
1013,2024-12-25T21:58:45.278Z,1.01162,1.01162,1.01162,1.01162
1014,2024-12-25T21:58:45.497Z,1.01163,1.01163,1.01163,1.01163
1015,2024-12-25T21:58:45.996Z,1.01162,1.01162,1.01162,1.01162
1016,2024-12-25T21:58:46.479Z,1.01162,1.01162,1.01162,1.01162
1017,2024-12-25T21:58:46.996Z,1.01164,1.01164,1.01164,1.01164
1018,2024-12-25T21:58:47.496Z,1.01167,1.01167,1.01167,1.01167
1019,2024-12-25T21:58:47.996Z,1.01163,1.01163,1.01163,1.01163
1020,2024-12-25T21:58:48.280Z,1.01163,1.01163,1.01163,1.01163
1021,2024-12-25T21:58:48.496Z,1.01167,1.01167,1.01167,1.01167
1022,2024-12-25T21:58:48.997Z,1.01168,1.01168,1.01168,1.01168
1023,2024-12-25T21:58:49.480Z,1.01168,1.01168,1.01168,1.01168
1024,2024-12-25T21:58:49.997Z,1.01167,1.01167,1.01167,1.01167
1025,2024-12-25T21:58:50.500Z,1.01168,1.01168,1.01168,1.01168
1026,2024-12-25T21:58:50.999Z,1.01169,1.01169,1.01169,1.01169
1027,2024-12-25T21:58:51.282Z,1.01169,1.01169,1.01169,1.01169
1028,2024-12-25T21:58:51.501Z,1.01166,1.01166,1.01166,1.01166
1029,2024-12-25T21:58:52.001Z,1.01164,1.01164,1.01164,1.01164
1030,2024-12-25T21:58:52.516Z,1.01165,1.01165,1.01165,1.01165
1031,2024-12-25T21:58:53.001Z,1.01165,1.01165,1.01165,1.01165
1032,2024-12-25T21:58:53.501Z,1.01168,1.01168,1.01168,1.01168
1033,2024-12-25T21:58:54.001Z,1.01164,1.01164,1.01164,1.01164
1034,2024-12-25T21:58:54.501Z,1.01165,1.01165,1.01165,1.01165
1035,2024-12-25T21:58:55.002Z,1.01163,1.01163,1.01163,1.01163
1036,2024-12-25T21:58:55.504Z,1.01166,1.01166,1.01166,1.01166
1037,2024-12-25T21:58:56.004Z,1.01168,1.01168,1.01168,1.01168
1038,2024-12-25T21:58:56.503Z,1.01166,1.01166,1.01166,1.01166
1039,2024-12-25T21:58:57.021Z,1.01165,1.01165,1.01165,1.01165
1040,2024-12-25T21:58:57.504Z,1.0117,1.0117,1.0117,1.0117
1041,2024-12-25T21:58:58.005Z,1.01169,1.01169,1.01169,1.01169
1042,2024-12-25T21:58:58.503Z,1.01178,1.01178,1.01178,1.01178
1043,2024-12-25T21:58:59.003Z,1.01179,1.01179,1.01179,1.01179
1044,2024-12-25T21:58:59.504Z,1.01182,1.01182,1.01182,1.01182
1045,2024-12-25T21:59:00.005Z,1.01184,1.01184,1.01184,1.01184
1046,2024-12-25T21:59:00.507Z,1.0118,1.0118,1.0118,1.0118
1047,2024-12-25T21:59:01.006Z,1.01183,1.01183,1.01183,1.01183
1048,2024-12-25T21:59:01.523Z,1.01186,1.01186,1.01186,1.01186
1049,2024-12-25T21:59:02.023Z,1.01187,1.01187,1.01187,1.01187
1050,2024-12-25T21:59:02.539Z,1.01189,1.01189,1.01189,1.01189
1051,2024-12-25T21:59:03.039Z,1.01189,1.01189,1.01189,1.01189
1052,2024-12-25T21:59:03.539Z,1.01189,1.01189,1.01189,1.01189
1053,2024-12-25T21:59:04.023Z,1.01187,1.01187,1.01187,1.01187
1054,2024-12-25T21:59:04.540Z,1.01188,1.01188,1.01188,1.01188
1055,2024-12-25T21:59:05.040Z,1.01188,1.01188,1.01188,1.01188
1056,2024-12-25T21:59:05.558Z,1.01188,1.01188,1.01188,1.01188
1057,2024-12-25T21:59:06.057Z,1.01188,1.01188,1.01188,1.01188
1058,2024-12-25T21:59:06.557Z,1.01188,1.01188,1.01188,1.01188
1059,2024-12-25T21:59:07.057Z,1.01188,1.01188,1.01188,1.01188
1060,2024-12-25T21:59:07.557Z,1.01187,1.01187,1.01187,1.01187
1061,2024-12-25T21:59:08.043Z,1.01183,1.01183,1.01183,1.01183
1062,2024-12-25T21:59:08.558Z,1.01185,1.01185,1.01185,1.01185
1063,2024-12-25T21:59:09.043Z,1.01184,1.01184,1.01184,1.01184
1064,2024-12-25T21:59:09.558Z,1.01185,1.01185,1.01185,1.01185
1065,2024-12-25T21:59:10.076Z,1.01186,1.01186,1.01186,1.01186
1066,2024-12-25T21:59:10.592Z,1.01185,1.01185,1.01185,1.01185
1067,2024-12-25T21:59:11.061Z,1.01183,1.01183,1.01183,1.01183
1068,2024-12-25T21:59:11.562Z,1.01176,1.01176,1.01176,1.01176
1069,2024-12-25T21:59:12.062Z,1.01175,1.01175,1.01175,1.01175
1070,2024-12-25T21:59:12.624Z,1.01176,1.01176,1.01176,1.01176
1071,2024-12-25T21:59:13.047Z,1.01182,1.01182,1.01182,1.01182
1072,2024-12-25T21:59:13.593Z,1.01185,1.01185,1.01185,1.01185
1073,2024-12-25T21:59:14.046Z,1.0118,1.0118,1.0118,1.0118
1074,2024-12-25T21:59:14.579Z,1.01181,1.01181,1.01181,1.01181
1075,2024-12-25T21:59:15.062Z,1.0118,1.0118,1.0118,1.0118
1076,2024-12-25T21:59:15.550Z,1.01179,1.01179,1.01179,1.01179
1077,2024-12-25T21:59:16.066Z,1.0118,1.0118,1.0118,1.0118
1078,2024-12-25T21:59:16.580Z,1.0118,1.0118,1.0118,1.0118
1079,2024-12-25T21:59:17.065Z,1.01182,1.01182,1.01182,1.01182
1080,2024-12-25T21:59:17.565Z,1.01183,1.01183,1.01183,1.01183
1081,2024-12-25T21:59:18.066Z,1.01185,1.01185,1.01185,1.01185
1082,2024-12-25T21:59:18.564Z,1.01182,1.01182,1.01182,1.01182
1083,2024-12-25T21:59:19.081Z,1.01181,1.01181,1.01181,1.01181
1084,2024-12-25T21:59:19.581Z,1.01179,1.01179,1.01179,1.01179
1085,2024-12-25T21:59:20.066Z,1.0118,1.0118,1.0118,1.0118
1086,2024-12-25T21:59:20.583Z,1.01183,1.01183,1.01183,1.01183
1087,2024-12-25T21:59:21.099Z,1.01185,1.01185,1.01185,1.01185
1088,2024-12-25T21:59:21.569Z,1.01184,1.01184,1.01184,1.01184
1089,2024-12-25T21:59:22.086Z,1.01183,1.01183,1.01183,1.01183
1090,2024-12-25T21:59:22.616Z,1.01184,1.01184,1.01184,1.01184
1091,2024-12-25T21:59:23.086Z,1.01185,1.01185,1.01185,1.01185
1092,2024-12-25T21:59:23.569Z,1.01184,1.01184,1.01184,1.01184
1093,2024-12-25T21:59:24.085Z,1.01186,1.01186,1.01186,1.01186
1094,2024-12-25T21:59:24.569Z,1.01187,1.01187,1.01187,1.01187
1095,2024-12-25T21:59:25.087Z,1.0119,1.0119,1.0119,1.0119
1096,2024-12-25T21:59:25.588Z,1.01189,1.01189,1.01189,1.01189
1097,2024-12-25T21:59:26.073Z,1.0119,1.0119,1.0119,1.0119
1098,2024-12-25T21:59:26.588Z,1.01192,1.01192,1.01192,1.01192
1099,2024-12-25T21:59:27.088Z,1.01194,1.01194,1.01194,1.01194
1100,2024-12-25T21:59:27.587Z,1.01184,1.01184,1.01184,1.01184
1101,2024-12-25T21:59:28.073Z,1.01184,1.01184,1.01184,1.01184
1102,2024-12-25T21:59:28.604Z,1.01185,1.01185,1.01185,1.01185
1103,2024-12-25T21:59:29.097Z,1.01185,1.01185,1.01185,1.01185
1104,2024-12-25T21:59:29.587Z,1.01179,1.01179,1.01179,1.01179
1105,2024-12-25T21:59:30.089Z,1.01176,1.01176,1.01176,1.01176
1106,2024-12-25T21:59:30.576Z,1.01177,1.01177,1.01177,1.01177
1107,2024-12-25T21:59:31.090Z,1.01178,1.01178,1.01178,1.01178
1108,2024-12-25T21:59:31.593Z,1.0118,1.0118,1.0118,1.0118
1109,2024-12-25T21:59:32.099Z,1.0118,1.0118,1.0118,1.0118
1110,2024-12-25T21:59:32.607Z,1.0118,1.0118,1.0118,1.0118
1111,2024-12-25T21:59:33.108Z,1.01179,1.01179,1.01179,1.01179
1112,2024-12-25T21:59:33.608Z,1.01182,1.01182,1.01182,1.01182
1113,2024-12-25T21:59:34.108Z,1.01183,1.01183,1.01183,1.01183
1114,2024-12-25T21:59:34.608Z,1.01182,1.01182,1.01182,1.01182
1115,2024-12-25T21:59:35.099Z,1.01182,1.01182,1.01182,1.01182
1116,2024-12-25T21:59:35.596Z,1.01184,1.01184,1.01184,1.01184
1117,2024-12-25T21:59:36.095Z,1.01184,1.01184,1.01184,1.01184
1118,2024-12-25T21:59:36.611Z,1.01189,1.01189,1.01189,1.01189
1119,2024-12-25T21:59:37.110Z,1.01189,1.01189,1.01189,1.01189
1120,2024-12-25T21:59:37.610Z,1.0119,1.0119,1.0119,1.0119
1121,2024-12-25T21:59:38.095Z,1.01189,1.01189,1.01189,1.01189
1122,2024-12-25T21:59:38.594Z,1.01187,1.01187,1.01187,1.01187
1123,2024-12-25T21:59:39.111Z,1.01186,1.01186,1.01186,1.01186
1124,2024-12-25T21:59:39.611Z,1.01184,1.01184,1.01184,1.01184
1125,2024-12-25T21:59:40.113Z,1.01186,1.01186,1.01186,1.01186
1126,2024-12-25T21:59:40.598Z,1.01185,1.01185,1.01185,1.01185
1127,2024-12-25T21:59:41.098Z,1.01184,1.01184,1.01184,1.01184
1128,2024-12-25T21:59:41.600Z,1.01185,1.01185,1.01185,1.01185
1129,2024-12-25T21:59:42.099Z,1.01185,1.01185,1.01185,1.01185
1130,2024-12-25T21:59:42.600Z,1.01185,1.01185,1.01185,1.01185
1131,2024-12-25T21:59:43.116Z,1.01186,1.01186,1.01186,1.01186
1132,2024-12-25T21:59:43.599Z,1.01187,1.01187,1.01187,1.01187
1133,2024-12-25T21:59:44.104Z,1.01187,1.01187,1.01187,1.01187
1134,2024-12-25T21:59:44.599Z,1.01189,1.01189,1.01189,1.01189
1135,2024-12-25T21:59:45.101Z,1.01187,1.01187,1.01187,1.01187
1136,2024-12-25T21:59:45.602Z,1.01185,1.01185,1.01185,1.01185
1137,2024-12-25T21:59:46.149Z,1.01184,1.01184,1.01184,1.01184
1138,2024-12-25T21:59:46.603Z,1.01186,1.01186,1.01186,1.01186
1139,2024-12-25T21:59:47.103Z,1.01189,1.01189,1.01189,1.01189
1140,2024-12-25T21:59:47.603Z,1.01189,1.01189,1.01189,1.01189
1141,2024-12-25T21:59:48.102Z,1.01188,1.01188,1.01188,1.01188
1142,2024-12-25T21:59:48.587Z,1.01189,1.01189,1.01189,1.01189
1143,2024-12-25T21:59:49.103Z,1.0119,1.0119,1.0119,1.0119
1144,2024-12-25T21:59:49.618Z,1.01191,1.01191,1.01191,1.01191
1145,2024-12-25T21:59:50.105Z,1.0119,1.0119,1.0119,1.0119
1146,2024-12-25T21:59:50.605Z,1.01191,1.01191,1.01191,1.01191
1147,2024-12-25T21:59:51.105Z,1.01192,1.01192,1.01192,1.01192
1148,2024-12-25T21:59:51.591Z,1.01195,1.01195,1.01195,1.01195
1149,2024-12-25T21:59:52.123Z,1.01194,1.01194,1.01194,1.01194
1150,2024-12-25T21:59:52.607Z,1.01196,1.01196,1.01196,1.01196
1151,2024-12-25T21:59:53.107Z,1.01197,1.01197,1.01197,1.01197
1152,2024-12-25T21:59:53.623Z,1.01198,1.01198,1.01198,1.01198
1153,2024-12-25T21:59:54.092Z,1.01199,1.01199,1.01199,1.01199
1154,2024-12-25T21:59:54.591Z,1.01198,1.01198,1.01198,1.01198
1155,2024-12-25T21:59:55.099Z,1.012,1.012,1.012,1.012
1156,2024-12-25T21:59:55.610Z,1.01199,1.01199,1.01199,1.01199
1157,2024-12-25T21:59:56.109Z,1.01199,1.01199,1.01199,1.01199
1158,2024-12-25T21:59:56.609Z,1.01202,1.01202,1.01202,1.01202
1159,2024-12-25T21:59:57.110Z,1.01201,1.01201,1.01201,1.01201
1160,2024-12-25T21:59:57.610Z,1.01199,1.01199,1.01199,1.01199
1161,2024-12-25T21:59:58.110Z,1.01197,1.01197,1.01197,1.01197
1162,2024-12-25T21:59:58.609Z,1.012,1.012,1.012,1.012
1163,2024-12-25T21:59:59.109Z,1.012,1.012,1.012,1.012
1164,2024-12-25T21:59:59.594Z,1.01198,1.01198,1.01198,1.01198
1165,2024-12-25T22:00:00.096Z,1.01197,1.01197,1.01197,1.01197
1166,2024-12-25T22:00:00.597Z,1.01197,1.01197,1.01197,1.01197
1167,2024-12-25T22:00:01.097Z,1.01197,1.01197,1.01197,1.01197
1168,2024-12-25T22:00:01.598Z,1.01198,1.01198,1.01198,1.01198
1169,2024-12-25T22:00:02.110Z,1.01198,1.01198,1.01198,1.01198
1170,2024-12-25T22:00:02.630Z,1.01198,1.01198,1.01198,1.01198
1171,2024-12-25T22:00:03.114Z,1.01195,1.01195,1.01195,1.01195
1172,2024-12-25T22:00:03.677Z,1.01197,1.01197,1.01197,1.01197
1173,2024-12-25T22:00:04.129Z,1.01197,1.01197,1.01197,1.01197
1174,2024-12-25T22:00:04.661Z,1.01194,1.01194,1.01194,1.01194
1175,2024-12-25T22:00:05.111Z,1.01194,1.01194,1.01194,1.01194
1176,2024-12-25T22:00:05.633Z,1.01193,1.01193,1.01193,1.01193
1177,2024-12-25T22:00:06.133Z,1.01192,1.01192,1.01192,1.01192
1178,2024-12-25T22:00:06.633Z,1.01191,1.01191,1.01191,1.01191
1179,2024-12-25T22:00:07.133Z,1.0119,1.0119,1.0119,1.0119
1180,2024-12-25T22:00:07.680Z,1.01186,1.01186,1.01186,1.01186
1181,2024-12-25T22:00:08.113Z,1.01186,1.01186,1.01186,1.01186
1182,2024-12-25T22:00:08.663Z,1.01189,1.01189,1.01189,1.01189
1183,2024-12-25T22:00:09.180Z,1.01187,1.01187,1.01187,1.01187
1184,2024-12-25T22:00:09.617Z,1.01188,1.01188,1.01188,1.01188
1185,2024-12-25T22:00:10.135Z,1.01193,1.01193,1.01193,1.01193
1186,2024-12-25T22:00:10.635Z,1.01193,1.01193,1.01193,1.01193
1187,2024-12-25T22:00:11.118Z,1.01193,1.01193,1.01193,1.01193
1188,2024-12-25T22:00:11.621Z,1.01196,1.01196,1.01196,1.01196
1189,2024-12-25T22:00:12.153Z,1.01198,1.01198,1.01198,1.01198
1190,2024-12-25T22:00:12.637Z,1.01197,1.01197,1.01197,1.01197
1191,2024-12-25T22:00:13.138Z,1.01199,1.01199,1.01199,1.01199
1192,2024-12-25T22:00:13.668Z,1.01199,1.01199,1.01199,1.01199
1193,2024-12-25T22:00:14.120Z,1.01199,1.01199,1.01199,1.01199
1194,2024-12-25T22:00:14.622Z,1.01195,1.01195,1.01195,1.01195
1195,2024-12-25T22:00:15.123Z,1.01194,1.01194,1.01194,1.01194
1196,2024-12-25T22:00:15.625Z,1.01193,1.01193,1.01193,1.01193
1197,2024-12-25T22:00:16.124Z,1.01193,1.01193,1.01193,1.01193
1198,2024-12-25T22:00:16.624Z,1.01194,1.01194,1.01194,1.01194
1199,2024-12-25T22:00:17.121Z,1.01194,1.01194,1.01194,1.01194
1200,2024-12-25T22:00:17.639Z,1.01191,1.01191,1.01191,1.01191
1201,2024-12-25T22:00:18.171Z,1.01192,1.01192,1.01192,1.01192
1202,2024-12-25T22:00:18.641Z,1.01194,1.01194,1.01194,1.01194
1203,2024-12-25T22:00:19.139Z,1.01195,1.01195,1.01195,1.01195
1204,2024-12-25T22:00:19.655Z,1.01192,1.01192,1.01192,1.01192
1205,2024-12-25T22:00:20.120Z,1.01192,1.01192,1.01192,1.01192
1206,2024-12-25T22:00:20.627Z,1.01198,1.01198,1.01198,1.01198
1207,2024-12-25T22:00:21.127Z,1.01197,1.01197,1.01197,1.01197
1208,2024-12-25T22:00:21.644Z,1.01199,1.01199,1.01199,1.01199
1209,2024-12-25T22:00:22.128Z,1.01201,1.01201,1.01201,1.01201
1210,2024-12-25T22:00:22.629Z,1.01199,1.01199,1.01199,1.01199
1211,2024-12-25T22:00:23.124Z,1.01199,1.01199,1.01199,1.01199
1212,2024-12-25T22:00:23.628Z,1.01198,1.01198,1.01198,1.01198
1213,2024-12-25T22:00:24.145Z,1.01197,1.01197,1.01197,1.01197
1214,2024-12-25T22:00:24.644Z,1.01199,1.01199,1.01199,1.01199
1215,2024-12-25T22:00:25.146Z,1.01198,1.01198,1.01198,1.01198
1216,2024-12-25T22:00:25.647Z,1.01197,1.01197,1.01197,1.01197
1217,2024-12-25T22:00:26.126Z,1.01197,1.01197,1.01197,1.01197
1218,2024-12-25T22:00:26.678Z,1.01195,1.01195,1.01195,1.01195
1219,2024-12-25T22:00:27.178Z,1.01196,1.01196,1.01196,1.01196
1220,2024-12-25T22:00:27.694Z,1.01195,1.01195,1.01195,1.01195
1221,2024-12-25T22:00:28.162Z,1.01194,1.01194,1.01194,1.01194
1222,2024-12-25T22:00:28.632Z,1.01193,1.01193,1.01193,1.01193
1223,2024-12-25T22:00:29.129Z,1.01193,1.01193,1.01193,1.01193
1224,2024-12-25T22:00:29.664Z,1.01194,1.01194,1.01194,1.01194
1225,2024-12-25T22:00:30.133Z,1.01194,1.01194,1.01194,1.01194
1226,2024-12-25T22:00:30.666Z,1.01193,1.01193,1.01193,1.01193
1227,2024-12-25T22:00:31.181Z,1.01195,1.01195,1.01195,1.01195
1228,2024-12-25T22:00:31.668Z,1.01195,1.01195,1.01195,1.01195
1229,2024-12-25T22:00:32.133Z,1.01195,1.01195,1.01195,1.01195
1230,2024-12-25T22:00:32.653Z,1.01201,1.01201,1.01201,1.01201
1231,2024-12-25T22:00:33.152Z,1.01199,1.01199,1.01199,1.01199
1232,2024-12-25T22:00:33.668Z,1.01195,1.01195,1.01195,1.01195
1233,2024-12-25T22:00:34.167Z,1.01194,1.01194,1.01194,1.01194
1234,2024-12-25T22:00:34.668Z,1.01194,1.01194,1.01194,1.01194
1235,2024-12-25T22:00:35.133Z,1.01194,1.01194,1.01194,1.01194
1236,2024-12-25T22:00:35.640Z,1.01191,1.01191,1.01191,1.01191
1237,2024-12-25T22:00:36.140Z,1.0119,1.0119,1.0119,1.0119
1238,2024-12-25T22:00:36.656Z,1.01196,1.01196,1.01196,1.01196
1239,2024-12-25T22:00:37.125Z,1.01195,1.01195,1.01195,1.01195
1240,2024-12-25T22:00:37.640Z,1.01194,1.01194,1.01194,1.01194
1241,2024-12-25T22:00:38.137Z,1.01194,1.01194,1.01194,1.01194
1242,2024-12-25T22:00:38.639Z,1.01195,1.01195,1.01195,1.01195
1243,2024-12-25T22:00:39.155Z,1.01194,1.01194,1.01194,1.01194
1244,2024-12-25T22:00:39.627Z,1.01193,1.01193,1.01193,1.01193
1245,2024-12-25T22:00:40.145Z,1.01194,1.01194,1.01194,1.01194
1246,2024-12-25T22:00:40.642Z,1.01193,1.01193,1.01193,1.01193
1247,2024-12-25T22:00:41.136Z,1.01193,1.01193,1.01193,1.01193
1248,2024-12-25T22:00:41.644Z,1.01188,1.01188,1.01188,1.01188
1249,2024-12-25T22:00:42.144Z,1.0119,1.0119,1.0119,1.0119
1250,2024-12-25T22:00:42.645Z,1.01189,1.01189,1.01189,1.01189
1251,2024-12-25T22:00:43.129Z,1.01188,1.01188,1.01188,1.01188
1252,2024-12-25T22:00:43.660Z,1.01186,1.01186,1.01186,1.01186
1253,2024-12-25T22:00:44.138Z,1.01186,1.01186,1.01186,1.01186
1254,2024-12-25T22:00:44.644Z,1.01188,1.01188,1.01188,1.01188
1255,2024-12-25T22:00:45.146Z,1.0119,1.0119,1.0119,1.0119
1256,2024-12-25T22:00:45.633Z,1.01189,1.01189,1.01189,1.01189
1257,2024-12-25T22:00:46.148Z,1.01191,1.01191,1.01191,1.01191
1258,2024-12-25T22:00:46.647Z,1.01192,1.01192,1.01192,1.01192
1259,2024-12-25T22:00:47.140Z,1.01192,1.01192,1.01192,1.01192
1260,2024-12-25T22:00:47.633Z,1.01192,1.01192,1.01192,1.01192
1261,2024-12-25T22:00:48.147Z,1.01192,1.01192,1.01192,1.01192
1262,2024-12-25T22:00:48.647Z,1.01192,1.01192,1.01192,1.01192
1263,2024-12-25T22:00:49.148Z,1.01191,1.01191,1.01191,1.01191
1264,2024-12-25T22:00:49.648Z,1.0119,1.0119,1.0119,1.0119
1265,2024-12-25T22:00:50.134Z,1.01188,1.01188,1.01188,1.01188
1266,2024-12-25T22:00:50.650Z,1.0119,1.0119,1.0119,1.0119
1267,2024-12-25T22:00:51.134Z,1.01189,1.01189,1.01189,1.01189
1268,2024-12-25T22:00:51.636Z,1.01187,1.01187,1.01187,1.01187
1269,2024-12-25T22:00:52.153Z,1.01188,1.01188,1.01188,1.01188
1270,2024-12-25T22:00:52.637Z,1.01188,1.01188,1.01188,1.01188
1271,2024-12-25T22:00:53.138Z,1.01192,1.01192,1.01192,1.01192
1272,2024-12-25T22:00:53.653Z,1.01191,1.01191,1.01191,1.01191
1273,2024-12-25T22:00:54.137Z,1.01192,1.01192,1.01192,1.01192
1274,2024-12-25T22:00:54.637Z,1.01194,1.01194,1.01194,1.01194
1275,2024-12-25T22:00:55.155Z,1.01191,1.01191,1.01191,1.01191
1276,2024-12-25T22:00:55.644Z,1.01191,1.01191,1.01191,1.01191
1277,2024-12-25T22:00:56.140Z,1.01189,1.01189,1.01189,1.01189
1278,2024-12-25T22:00:56.640Z,1.0119,1.0119,1.0119,1.0119
1279,2024-12-25T22:00:57.140Z,1.01191,1.01191,1.01191,1.01191
1280,2024-12-25T22:00:57.640Z,1.01193,1.01193,1.01193,1.01193
1281,2024-12-25T22:00:58.140Z,1.01194,1.01194,1.01194,1.01194
1282,2024-12-25T22:00:58.640Z,1.01191,1.01191,1.01191,1.01191
1283,2024-12-25T22:00:59.147Z,1.01191,1.01191,1.01191,1.01191
1284,2024-12-25T22:00:59.641Z,1.01193,1.01193,1.01193,1.01193
1285,2024-12-25T22:01:00.144Z,1.01191,1.01191,1.01191,1.01191
1286,2024-12-25T22:01:00.643Z,1.01195,1.01195,1.01195,1.01195
1287,2024-12-25T22:01:01.144Z,1.01196,1.01196,1.01196,1.01196
1288,2024-12-25T22:01:01.676Z,1.01195,1.01195,1.01195,1.01195
1289,2024-12-25T22:01:02.148Z,1.01195,1.01195,1.01195,1.01195
1290,2024-12-25T22:01:02.661Z,1.01191,1.01191,1.01191,1.01191
1291,2024-12-25T22:01:03.144Z,1.0119,1.0119,1.0119,1.0119
1292,2024-12-25T22:01:03.644Z,1.01191,1.01191,1.01191,1.01191
1293,2024-12-25T22:01:04.161Z,1.01189,1.01189,1.01189,1.01189
1294,2024-12-25T22:01:04.661Z,1.01187,1.01187,1.01187,1.01187
1295,2024-12-25T22:01:05.149Z,1.01187,1.01187,1.01187,1.01187
1296,2024-12-25T22:01:05.663Z,1.01186,1.01186,1.01186,1.01186
1297,2024-12-25T22:01:06.163Z,1.01188,1.01188,1.01188,1.01188
1298,2024-12-25T22:01:06.680Z,1.0119,1.0119,1.0119,1.0119
1299,2024-12-25T22:01:07.164Z,1.01196,1.01196,1.01196,1.01196
1300,2024-12-25T22:01:07.664Z,1.01198,1.01198,1.01198,1.01198
1301,2024-12-25T22:01:08.152Z,1.01198,1.01198,1.01198,1.01198
1302,2024-12-25T22:01:08.663Z,1.01197,1.01197,1.01197,1.01197
1303,2024-12-25T22:01:09.163Z,1.01198,1.01198,1.01198,1.01198
1304,2024-12-25T22:01:09.663Z,1.01197,1.01197,1.01197,1.01197
1305,2024-12-25T22:01:10.152Z,1.01198,1.01198,1.01198,1.01198
1306,2024-12-25T22:01:10.682Z,1.01197,1.01197,1.01197,1.01197
1307,2024-12-25T22:01:11.154Z,1.01197,1.01197,1.01197,1.01197
1308,2024-12-25T22:01:11.653Z,1.01196,1.01196,1.01196,1.01196
1309,2024-12-25T22:01:12.168Z,1.01199,1.01199,1.01199,1.01199
1310,2024-12-25T22:01:12.672Z,1.01197,1.01197,1.01197,1.01197
1311,2024-12-25T22:01:13.151Z,1.01198,1.01198,1.01198,1.01198
1312,2024-12-25T22:01:13.667Z,1.01204,1.01204,1.01204,1.01204
1313,2024-12-25T22:01:14.152Z,1.01192,1.01192,1.01192,1.01192
1314,2024-12-25T22:01:14.668Z,1.01191,1.01191,1.01191,1.01191
1315,2024-12-25T22:01:15.170Z,1.01183,1.01183,1.01183,1.01183
1316,2024-12-25T22:01:15.671Z,1.01181,1.01181,1.01181,1.01181
1317,2024-12-25T22:01:16.172Z,1.01179,1.01179,1.01179,1.01179
1318,2024-12-25T22:01:16.687Z,1.01177,1.01177,1.01177,1.01177
1319,2024-12-25T22:01:17.155Z,1.01177,1.01177,1.01177,1.01177
1320,2024-12-25T22:01:17.687Z,1.01179,1.01179,1.01179,1.01179
1321,2024-12-25T22:01:18.171Z,1.01173,1.01173,1.01173,1.01173
1322,2024-12-25T22:01:18.702Z,1.01175,1.01175,1.01175,1.01175
1323,2024-12-25T22:01:19.186Z,1.01174,1.01174,1.01174,1.01174
1324,2024-12-25T22:01:19.703Z,1.01175,1.01175,1.01175,1.01175
1325,2024-12-25T22:01:20.156Z,1.01175,1.01175,1.01175,1.01175
1326,2024-12-25T22:01:20.706Z,1.01177,1.01177,1.01177,1.01177
1327,2024-12-25T22:01:21.205Z,1.01176,1.01176,1.01176,1.01176
1328,2024-12-25T22:01:21.691Z,1.01177,1.01177,1.01177,1.01177
1329,2024-12-25T22:01:22.191Z,1.01177,1.01177,1.01177,1.01177
1330,2024-12-25T22:01:22.691Z,1.01176,1.01176,1.01176,1.01176
1331,2024-12-25T22:01:23.160Z,1.01176,1.01176,1.01176,1.01176
1332,2024-12-25T22:01:23.694Z,1.01178,1.01178,1.01178,1.01178
1333,2024-12-25T22:01:24.206Z,1.01176,1.01176,1.01176,1.01176
1334,2024-12-25T22:01:24.691Z,1.01174,1.01174,1.01174,1.01174
1335,2024-12-25T22:01:25.192Z,1.01174,1.01174,1.01174,1.01174
1336,2024-12-25T22:01:25.709Z,1.01174,1.01174,1.01174,1.01174
1337,2024-12-25T22:01:26.160Z,1.01174,1.01174,1.01174,1.01174
1338,2024-12-25T22:01:26.709Z,1.01186,1.01186,1.01186,1.01186
1339,2024-12-25T22:01:27.208Z,1.01187,1.01187,1.01187,1.01187
1340,2024-12-25T22:01:27.709Z,1.01185,1.01185,1.01185,1.01185
1341,2024-12-25T22:01:28.225Z,1.01184,1.01184,1.01184,1.01184
1342,2024-12-25T22:01:28.710Z,1.01186,1.01186,1.01186,1.01186
1343,2024-12-25T22:01:29.162Z,1.01186,1.01186,1.01186,1.01186
1344,2024-12-25T22:01:29.693Z,1.01184,1.01184,1.01184,1.01184
1345,2024-12-25T22:01:30.210Z,1.01182,1.01182,1.01182,1.01182
1346,2024-12-25T22:01:30.695Z,1.01184,1.01184,1.01184,1.01184
1347,2024-12-25T22:01:31.211Z,1.01185,1.01185,1.01185,1.01185
1348,2024-12-25T22:01:31.697Z,1.01188,1.01188,1.01188,1.01188
1349,2024-12-25T22:01:32.163Z,1.01188,1.01188,1.01188,1.01188
1350,2024-12-25T22:01:32.696Z,1.0119,1.0119,1.0119,1.0119
1351,2024-12-25T22:01:33.213Z,1.01191,1.01191,1.01191,1.01191
1352,2024-12-25T22:01:33.696Z,1.01194,1.01194,1.01194,1.01194
1353,2024-12-25T22:01:34.197Z,1.01196,1.01196,1.01196,1.01196
1354,2024-12-25T22:01:34.696Z,1.01193,1.01193,1.01193,1.01193
1355,2024-12-25T22:01:35.164Z,1.01193,1.01193,1.01193,1.01193
1356,2024-12-25T22:01:35.699Z,1.01192,1.01192,1.01192,1.01192
1357,2024-12-25T22:01:36.198Z,1.01189,1.01189,1.01189,1.01189
1358,2024-12-25T22:01:36.715Z,1.01188,1.01188,1.01188,1.01188
1359,2024-12-25T22:01:37.199Z,1.01182,1.01182,1.01182,1.01182
1360,2024-12-25T22:01:37.699Z,1.01182,1.01182,1.01182,1.01182
1361,2024-12-25T22:01:38.164Z,1.01182,1.01182,1.01182,1.01182
1362,2024-12-25T22:01:38.730Z,1.01181,1.01181,1.01181,1.01181
1363,2024-12-25T22:01:39.214Z,1.0118,1.0118,1.0118,1.0118
1364,2024-12-25T22:01:39.714Z,1.0118,1.0118,1.0118,1.0118
1365,2024-12-25T22:01:40.200Z,1.01181,1.01181,1.01181,1.01181
1366,2024-12-25T22:01:40.718Z,1.01182,1.01182,1.01182,1.01182
1367,2024-12-25T22:01:41.164Z,1.01182,1.01182,1.01182,1.01182
1368,2024-12-25T22:01:41.719Z,1.0118,1.0118,1.0118,1.0118
1369,2024-12-25T22:01:42.220Z,1.01177,1.01177,1.01177,1.01177
1370,2024-12-25T22:01:42.720Z,1.01176,1.01176,1.01176,1.01176
1371,2024-12-25T22:01:43.219Z,1.01177,1.01177,1.01177,1.01177
1372,2024-12-25T22:01:43.734Z,1.0118,1.0118,1.0118,1.0118
1373,2024-12-25T22:01:44.166Z,1.0118,1.0118,1.0118,1.0118
1374,2024-12-25T22:01:44.719Z,1.01178,1.01178,1.01178,1.01178
1375,2024-12-25T22:01:45.221Z,1.01177,1.01177,1.01177,1.01177
1376,2024-12-25T22:01:45.705Z,1.01174,1.01174,1.01174,1.01174
1377,2024-12-25T22:01:46.237Z,1.01173,1.01173,1.01173,1.01173
1378,2024-12-25T22:01:46.753Z,1.01172,1.01172,1.01172,1.01172
1379,2024-12-25T22:01:47.168Z,1.01172,1.01172,1.01172,1.01172
1380,2024-12-25T22:01:47.720Z,1.01161,1.01161,1.01161,1.01161
1381,2024-12-25T22:01:48.206Z,1.01163,1.01163,1.01163,1.01163
1382,2024-12-25T22:01:48.721Z,1.01166,1.01166,1.01166,1.01166
1383,2024-12-25T22:01:49.206Z,1.01165,1.01165,1.01165,1.01165
1384,2024-12-25T22:01:49.706Z,1.01164,1.01164,1.01164,1.01164
1385,2024-12-25T22:01:50.169Z,1.01164,1.01164,1.01164,1.01164
1386,2024-12-25T22:01:50.707Z,1.01161,1.01161,1.01161,1.01161
1387,2024-12-25T22:01:51.207Z,1.01164,1.01164,1.01164,1.01164
1388,2024-12-25T22:01:51.708Z,1.01165,1.01165,1.01165,1.01165
1389,2024-12-25T22:01:52.209Z,1.01165,1.01165,1.01165,1.01165
1390,2024-12-25T22:01:52.709Z,1.01163,1.01163,1.01163,1.01163
1391,2024-12-25T22:01:53.170Z,1.01163,1.01163,1.01163,1.01163
1392,2024-12-25T22:01:53.709Z,1.01166,1.01166,1.01166,1.01166
1393,2024-12-25T22:01:54.209Z,1.01163,1.01163,1.01163,1.01163
1394,2024-12-25T22:01:54.709Z,1.01162,1.01162,1.01162,1.01162
1395,2024-12-25T22:01:55.210Z,1.01163,1.01163,1.01163,1.01163
1396,2024-12-25T22:01:55.728Z,1.01164,1.01164,1.01164,1.01164
1397,2024-12-25T22:01:56.174Z,1.01164,1.01164,1.01164,1.01164
1398,2024-12-25T22:01:56.712Z,1.01162,1.01162,1.01162,1.01162
1399,2024-12-25T22:01:57.227Z,1.01163,1.01163,1.01163,1.01163
1400,2024-12-25T22:01:57.711Z,1.01162,1.01162,1.01162,1.01162
1401,2024-12-25T22:01:58.212Z,1.01161,1.01161,1.01161,1.01161
1402,2024-12-25T22:01:58.711Z,1.0116,1.0116,1.0116,1.0116
1403,2024-12-25T22:01:59.173Z,1.0116,1.0116,1.0116,1.0116
1404,2024-12-25T22:01:59.711Z,1.01156,1.01156,1.01156,1.01156
1405,2024-12-25T22:02:00.229Z,1.01155,1.01155,1.01155,1.01155
1406,2024-12-25T22:02:00.713Z,1.01143,1.01143,1.01143,1.01143
1407,2024-12-25T22:02:01.230Z,1.01141,1.01141,1.01141,1.01141
1408,2024-12-25T22:02:01.777Z,1.01139,1.01139,1.01139,1.01139
1409,2024-12-25T22:02:02.174Z,1.01139,1.01139,1.01139,1.01139
1410,2024-12-25T22:02:02.730Z,1.01144,1.01144,1.01144,1.01144
1411,2024-12-25T22:02:03.216Z,1.01143,1.01143,1.01143,1.01143
1412,2024-12-25T22:02:03.716Z,1.01142,1.01142,1.01142,1.01142
1413,2024-12-25T22:02:04.231Z,1.01141,1.01141,1.01141,1.01141
1414,2024-12-25T22:02:04.731Z,1.01142,1.01142,1.01142,1.01142
1415,2024-12-25T22:02:05.176Z,1.01142,1.01142,1.01142,1.01142
1416,2024-12-25T22:02:05.733Z,1.0114,1.0114,1.0114,1.0114
1417,2024-12-25T22:02:06.218Z,1.01142,1.01142,1.01142,1.01142
1418,2024-12-25T22:02:06.718Z,1.01143,1.01143,1.01143,1.01143
1419,2024-12-25T22:02:07.233Z,1.01147,1.01147,1.01147,1.01147
1420,2024-12-25T22:02:07.718Z,1.01147,1.01147,1.01147,1.01147
1421,2024-12-25T22:02:08.178Z,1.01147,1.01147,1.01147,1.01147
1422,2024-12-25T22:02:08.732Z,1.01153,1.01153,1.01153,1.01153
1423,2024-12-25T22:02:09.263Z,1.01151,1.01151,1.01151,1.01151
1424,2024-12-25T22:02:09.717Z,1.0115,1.0115,1.0115,1.0115
1425,2024-12-25T22:02:10.217Z,1.01152,1.01152,1.01152,1.01152
1426,2024-12-25T22:02:10.719Z,1.01156,1.01156,1.01156,1.01156
1427,2024-12-25T22:02:11.179Z,1.01156,1.01156,1.01156,1.01156
1428,2024-12-25T22:02:11.720Z,1.01157,1.01157,1.01157,1.01157
1429,2024-12-25T22:02:12.235Z,1.01154,1.01154,1.01154,1.01154
1430,2024-12-25T22:02:12.737Z,1.01155,1.01155,1.01155,1.01155
1431,2024-12-25T22:02:13.220Z,1.01158,1.01158,1.01158,1.01158
1432,2024-12-25T22:02:13.735Z,1.01159,1.01159,1.01159,1.01159
1433,2024-12-25T22:02:14.180Z,1.01159,1.01159,1.01159,1.01159
1434,2024-12-25T22:02:14.736Z,1.01159,1.01159,1.01159,1.01159
1435,2024-12-25T22:02:15.222Z,1.01157,1.01157,1.01157,1.01157
1436,2024-12-25T22:02:15.723Z,1.01154,1.01154,1.01154,1.01154
1437,2024-12-25T22:02:16.223Z,1.01152,1.01152,1.01152,1.01152
1438,2024-12-25T22:02:16.755Z,1.0116,1.0116,1.0116,1.0116
1439,2024-12-25T22:02:17.183Z,1.0116,1.0116,1.0116,1.0116
1440,2024-12-25T22:02:17.725Z,1.01161,1.01161,1.01161,1.01161
1441,2024-12-25T22:02:18.238Z,1.0116,1.0116,1.0116,1.0116
1442,2024-12-25T22:02:18.723Z,1.0116,1.0116,1.0116,1.0116
1443,2024-12-25T22:02:19.224Z,1.01161,1.01161,1.01161,1.01161
1444,2024-12-25T22:02:19.723Z,1.01162,1.01162,1.01162,1.01162
1445,2024-12-25T22:02:20.183Z,1.01162,1.01162,1.01162,1.01162
1446,2024-12-25T22:02:20.740Z,1.01153,1.01153,1.01153,1.01153
1447,2024-12-25T22:02:21.224Z,1.01152,1.01152,1.01152,1.01152
1448,2024-12-25T22:02:21.741Z,1.01153,1.01153,1.01153,1.01153
1449,2024-12-25T22:02:22.225Z,1.01151,1.01151,1.01151,1.01151
1450,2024-12-25T22:02:22.726Z,1.01148,1.01148,1.01148,1.01148
1451,2024-12-25T22:02:23.184Z,1.01148,1.01148,1.01148,1.01148
1452,2024-12-25T22:02:23.726Z,1.01145,1.01145,1.01145,1.01145
1453,2024-12-25T22:02:24.227Z,1.01145,1.01145,1.01145,1.01145
1454,2024-12-25T22:02:24.741Z,1.01147,1.01147,1.01147,1.01147
1455,2024-12-25T22:02:25.258Z,1.01149,1.01149,1.01149,1.01149
1456,2024-12-25T22:02:25.743Z,1.01151,1.01151,1.01151,1.01151
1457,2024-12-25T22:02:26.187Z,1.01151,1.01151,1.01151,1.01151
1458,2024-12-25T22:02:26.743Z,1.01151,1.01151,1.01151,1.01151
1459,2024-12-25T22:02:27.244Z,1.01153,1.01153,1.01153,1.01153
1460,2024-12-25T22:02:27.759Z,1.01156,1.01156,1.01156,1.01156
1461,2024-12-25T22:02:28.243Z,1.01157,1.01157,1.01157,1.01157
1462,2024-12-25T22:02:28.743Z,1.01156,1.01156,1.01156,1.01156
1463,2024-12-25T22:02:29.187Z,1.01156,1.01156,1.01156,1.01156
1464,2024-12-25T22:02:29.744Z,1.01154,1.01154,1.01154,1.01154
1465,2024-12-25T22:02:30.245Z,1.01153,1.01153,1.01153,1.01153
1466,2024-12-25T22:02:30.745Z,1.01154,1.01154,1.01154,1.01154
1467,2024-12-25T22:02:31.246Z,1.01152,1.01152,1.01152,1.01152
1468,2024-12-25T22:02:31.746Z,1.0115,1.0115,1.0115,1.0115
1469,2024-12-25T22:02:32.188Z,1.0115,1.0115,1.0115,1.0115
1470,2024-12-25T22:02:32.746Z,1.01152,1.01152,1.01152,1.01152
1471,2024-12-25T22:02:33.247Z,1.01153,1.01153,1.01153,1.01153
1472,2024-12-25T22:02:33.747Z,1.01154,1.01154,1.01154,1.01154
1473,2024-12-25T22:02:34.251Z,1.01163,1.01163,1.01163,1.01163
1474,2024-12-25T22:02:34.747Z,1.01163,1.01163,1.01163,1.01163
1475,2024-12-25T22:02:35.189Z,1.01163,1.01163,1.01163,1.01163
1476,2024-12-25T22:02:35.750Z,1.01161,1.01161,1.01161,1.01161
1477,2024-12-25T22:02:36.250Z,1.0116,1.0116,1.0116,1.0116
1478,2024-12-25T22:02:36.749Z,1.01158,1.01158,1.01158,1.01158
1479,2024-12-25T22:02:37.250Z,1.01155,1.01155,1.01155,1.01155
1480,2024-12-25T22:02:37.749Z,1.01157,1.01157,1.01157,1.01157
1481,2024-12-25T22:02:38.190Z,1.01157,1.01157,1.01157,1.01157
1482,2024-12-25T22:02:38.749Z,1.01158,1.01158,1.01158,1.01158
1483,2024-12-25T22:02:39.249Z,1.01157,1.01157,1.01157,1.01157
1484,2024-12-25T22:02:39.749Z,1.01156,1.01156,1.01156,1.01156
1485,2024-12-25T22:02:40.251Z,1.01159,1.01159,1.01159,1.01159
1486,2024-12-25T22:02:40.767Z,1.01158,1.01158,1.01158,1.01158
1487,2024-12-25T22:02:41.191Z,1.01158,1.01158,1.01158,1.01158
1488,2024-12-25T22:02:41.753Z,1.0116,1.0116,1.0116,1.0116
1489,2024-12-25T22:02:42.284Z,1.01159,1.01159,1.01159,1.01159
1490,2024-12-25T22:02:42.770Z,1.01161,1.01161,1.01161,1.01161
1491,2024-12-25T22:02:43.269Z,1.01162,1.01162,1.01162,1.01162
1492,2024-12-25T22:02:43.754Z,1.01161,1.01161,1.01161,1.01161
1493,2024-12-25T22:02:44.191Z,1.01161,1.01161,1.01161,1.01161
1494,2024-12-25T22:02:44.753Z,1.01165,1.01165,1.01165,1.01165
1495,2024-12-25T22:02:45.271Z,1.01165,1.01165,1.01165,1.01165
1496,2024-12-25T22:02:45.756Z,1.01167,1.01167,1.01167,1.01167
1497,2024-12-25T22:02:46.255Z,1.01174,1.01174,1.01174,1.01174
1498,2024-12-25T22:02:46.756Z,1.0117,1.0117,1.0117,1.0117
1499,2024-12-25T22:02:47.192Z,1.0117,1.0117,1.0117,1.0117
1500,2024-12-25T22:02:47.756Z,1.0116,1.0116,1.0116,1.0116
1501,2024-12-25T22:02:48.303Z,1.01162,1.01162,1.01162,1.01162
1502,2024-12-25T22:02:48.755Z,1.0116,1.0116,1.0116,1.0116
1503,2024-12-25T22:02:49.256Z,1.01162,1.01162,1.01162,1.01162
1504,2024-12-25T22:02:49.756Z,1.01165,1.01165,1.01165,1.01165
1505,2024-12-25T22:02:50.194Z,1.01165,1.01165,1.01165,1.01165
1506,2024-12-25T22:02:50.758Z,1.01163,1.01163,1.01163,1.01163
1507,2024-12-25T22:02:51.259Z,1.01164,1.01164,1.01164,1.01164
1508,2024-12-25T22:02:51.775Z,1.01165,1.01165,1.01165,1.01165
1509,2024-12-25T22:02:52.259Z,1.01164,1.01164,1.01164,1.01164
1510,2024-12-25T22:02:52.760Z,1.01166,1.01166,1.01166,1.01166
1511,2024-12-25T22:02:53.196Z,1.01166,1.01166,1.01166,1.01166
1512,2024-12-25T22:02:53.759Z,1.01165,1.01165,1.01165,1.01165
1513,2024-12-25T22:02:54.260Z,1.01163,1.01163,1.01163,1.01163
1514,2024-12-25T22:02:54.759Z,1.01164,1.01164,1.01164,1.01164
1515,2024-12-25T22:02:55.261Z,1.01164,1.01164,1.01164,1.01164
1516,2024-12-25T22:02:55.763Z,1.01165,1.01165,1.01165,1.01165
1517,2024-12-25T22:02:56.197Z,1.01165,1.01165,1.01165,1.01165
1518,2024-12-25T22:02:56.762Z,1.0116,1.0116,1.0116,1.0116
1519,2024-12-25T22:02:57.264Z,1.01159,1.01159,1.01159,1.01159
1520,2024-12-25T22:02:57.763Z,1.0116,1.0116,1.0116,1.0116
1521,2024-12-25T22:02:58.309Z,1.01159,1.01159,1.01159,1.01159
1522,2024-12-25T22:02:58.762Z,1.01159,1.01159,1.01159,1.01159
1523,2024-12-25T22:02:59.197Z,1.01159,1.01159,1.01159,1.01159
1524,2024-12-25T22:02:59.762Z,1.01173,1.01173,1.01173,1.01173
1525,2024-12-25T22:03:00.263Z,1.01173,1.01173,1.01173,1.01173
1526,2024-12-25T22:03:00.763Z,1.01171,1.01171,1.01171,1.01171
1527,2024-12-25T22:03:01.263Z,1.01172,1.01172,1.01172,1.01172
1528,2024-12-25T22:03:01.780Z,1.01173,1.01173,1.01173,1.01173
1529,2024-12-25T22:03:02.197Z,1.01173,1.01173,1.01173,1.01173
1530,2024-12-25T22:03:02.765Z,1.01174,1.01174,1.01174,1.01174
1531,2024-12-25T22:03:03.281Z,1.01175,1.01175,1.01175,1.01175
1532,2024-12-25T22:03:03.766Z,1.01176,1.01176,1.01176,1.01176
1533,2024-12-25T22:03:04.265Z,1.01174,1.01174,1.01174,1.01174
1534,2024-12-25T22:03:04.765Z,1.01171,1.01171,1.01171,1.01171
1535,2024-12-25T22:03:05.199Z,1.01171,1.01171,1.01171,1.01171
1536,2024-12-25T22:03:05.768Z,1.0117,1.0117,1.0117,1.0117
1537,2024-12-25T22:03:06.267Z,1.01169,1.01169,1.01169,1.01169
1538,2024-12-25T22:03:06.768Z,1.01172,1.01172,1.01172,1.01172
1539,2024-12-25T22:03:07.315Z,1.01169,1.01169,1.01169,1.01169
1540,2024-12-25T22:03:07.783Z,1.01168,1.01168,1.01168,1.01168
1541,2024-12-25T22:03:08.198Z,1.01168,1.01168,1.01168,1.01168
1542,2024-12-25T22:03:08.784Z,1.01164,1.01164,1.01164,1.01164
1543,2024-12-25T22:03:09.267Z,1.01163,1.01163,1.01163,1.01163
1544,2024-12-25T22:03:09.768Z,1.01162,1.01162,1.01162,1.01162
1545,2024-12-25T22:03:10.269Z,1.0116,1.0116,1.0116,1.0116
1546,2024-12-25T22:03:10.785Z,1.01158,1.01158,1.01158,1.01158
1547,2024-12-25T22:03:11.199Z,1.01158,1.01158,1.01158,1.01158
1548,2024-12-25T22:03:11.787Z,1.01154,1.01154,1.01154,1.01154
1549,2024-12-25T22:03:12.320Z,1.01151,1.01151,1.01151,1.01151
1550,2024-12-25T22:03:12.787Z,1.0115,1.0115,1.0115,1.0115
1551,2024-12-25T22:03:13Z,1.0115,1.0115,1.0115,1.0115
1552,2024-12-25T22:03:13.302Z,1.01157,1.01157,1.01157,1.01157
1553,2024-12-25T22:03:13.803Z,1.01158,1.01158,1.01158,1.01158
1554,2024-12-25T22:03:14.200Z,1.01158,1.01158,1.01158,1.01158
1555,2024-12-25T22:03:14.771Z,1.0116,1.0116,1.0116,1.0116
1556,2024-12-25T22:03:15.273Z,1.01161,1.01161,1.01161,1.01161
1557,2024-12-25T22:03:15.775Z,1.01162,1.01162,1.01162,1.01162
1558,2024-12-25T22:03:16.306Z,1.01161,1.01161,1.01161,1.01161
1559,2024-12-25T22:03:16.790Z,1.01162,1.01162,1.01162,1.01162
1560,2024-12-25T22:03:17.200Z,1.01162,1.01162,1.01162,1.01162
1561,2024-12-25T22:03:17.790Z,1.01162,1.01162,1.01162,1.01162
1562,2024-12-25T22:03:18.289Z,1.0116,1.0116,1.0116,1.0116
1563,2024-12-25T22:03:18.789Z,1.01159,1.01159,1.01159,1.01159
1564,2024-12-25T22:03:19Z,1.01159,1.01159,1.01159,1.01159
1565,2024-12-25T22:03:19.291Z,1.01164,1.01164,1.01164,1.01164
1566,2024-12-25T22:03:19.774Z,1.01159,1.01159,1.01159,1.01159
1567,2024-12-25T22:03:20.201Z,1.01159,1.01159,1.01159,1.01159
1568,2024-12-25T22:03:20.793Z,1.01161,1.01161,1.01161,1.01161
1569,2024-12-25T22:03:21.276Z,1.01162,1.01162,1.01162,1.01162
1570,2024-12-25T22:03:21.779Z,1.01161,1.01161,1.01161,1.01161
1571,2024-12-25T22:03:22.001Z,1.01161,1.01161,1.01161,1.01161
1572,2024-12-25T22:03:22.325Z,1.01161,1.01161,1.01161,1.01161
1573,2024-12-25T22:03:22.793Z,1.01163,1.01163,1.01163,1.01163
1574,2024-12-25T22:03:23.202Z,1.01163,1.01163,1.01163,1.01163
1575,2024-12-25T22:03:23.779Z,1.01162,1.01162,1.01162,1.01162
1576,2024-12-25T22:03:24.279Z,1.0116,1.0116,1.0116,1.0116
1577,2024-12-25T22:03:24.778Z,1.01158,1.01158,1.01158,1.01158
1578,2024-12-25T22:03:25.002Z,1.01158,1.01158,1.01158,1.01158
1579,2024-12-25T22:03:25.295Z,1.0116,1.0116,1.0116,1.0116
1580,2024-12-25T22:03:25.796Z,1.01159,1.01159,1.01159,1.01159
1581,2024-12-25T22:03:26.202Z,1.01159,1.01159,1.01159,1.01159
1582,2024-12-25T22:03:26.782Z,1.01166,1.01166,1.01166,1.01166
1583,2024-12-25T22:03:27.297Z,1.01163,1.01163,1.01163,1.01163
1584,2024-12-25T22:03:27.781Z,1.01162,1.01162,1.01162,1.01162
1585,2024-12-25T22:03:28.002Z,1.01162,1.01162,1.01162,1.01162
1586,2024-12-25T22:03:28.281Z,1.01161,1.01161,1.01161,1.01161
1587,2024-12-25T22:03:28.781Z,1.01158,1.01158,1.01158,1.01158
1588,2024-12-25T22:03:29.203Z,1.01158,1.01158,1.01158,1.01158
1589,2024-12-25T22:03:29.782Z,1.01155,1.01155,1.01155,1.01155
1590,2024-12-25T22:03:30.284Z,1.01149,1.01149,1.01149,1.01149
1591,2024-12-25T22:03:30.769Z,1.0115,1.0115,1.0115,1.0115
1592,2024-12-25T22:03:31.002Z,1.0115,1.0115,1.0115,1.0115
1593,2024-12-25T22:03:31.299Z,1.01149,1.01149,1.01149,1.01149
1594,2024-12-25T22:03:31.785Z,1.01148,1.01148,1.01148,1.01148
1595,2024-12-25T22:03:32.203Z,1.01148,1.01148,1.01148,1.01148
1596,2024-12-25T22:03:32.785Z,1.0114,1.0114,1.0114,1.0114
1597,2024-12-25T22:03:33.317Z,1.01141,1.01141,1.01141,1.01141
1598,2024-12-25T22:03:33.785Z,1.01143,1.01143,1.01143,1.01143
1599,2024-12-25T22:03:34.005Z,1.01143,1.01143,1.01143,1.01143
1600,2024-12-25T22:03:34.285Z,1.01141,1.01141,1.01141,1.01141
1601,2024-12-25T22:03:34.816Z,1.01142,1.01142,1.01142,1.01142
1602,2024-12-25T22:03:35.206Z,1.01142,1.01142,1.01142,1.01142
1603,2024-12-25T22:03:35.789Z,1.01162,1.01162,1.01162,1.01162
1604,2024-12-25T22:03:36.288Z,1.01151,1.01151,1.01151,1.01151
1605,2024-12-25T22:03:36.788Z,1.01153,1.01153,1.01153,1.01153
1606,2024-12-25T22:03:37.005Z,1.01153,1.01153,1.01153,1.01153
1607,2024-12-25T22:03:37.288Z,1.01155,1.01155,1.01155,1.01155
1608,2024-12-25T22:03:37.789Z,1.01157,1.01157,1.01157,1.01157
1609,2024-12-25T22:03:38.206Z,1.01157,1.01157,1.01157,1.01157
1610,2024-12-25T22:03:38.789Z,1.01158,1.01158,1.01158,1.01158
1611,2024-12-25T22:03:39.320Z,1.01157,1.01157,1.01157,1.01157
1612,2024-12-25T22:03:39.788Z,1.01158,1.01158,1.01158,1.01158
1613,2024-12-25T22:03:40.007Z,1.01158,1.01158,1.01158,1.01158
1614,2024-12-25T22:03:40.274Z,1.01156,1.01156,1.01156,1.01156
1615,2024-12-25T22:03:40.791Z,1.01154,1.01154,1.01154,1.01154
1616,2024-12-25T22:03:41.207Z,1.01154,1.01154,1.01154,1.01154
1617,2024-12-25T22:03:41.777Z,1.01153,1.01153,1.01153,1.01153
1618,2024-12-25T22:03:42.277Z,1.01152,1.01152,1.01152,1.01152
1619,2024-12-25T22:03:42.777Z,1.01152,1.01152,1.01152,1.01152
1620,2024-12-25T22:03:43.007Z,1.01152,1.01152,1.01152,1.01152
1621,2024-12-25T22:03:43.277Z,1.01154,1.01154,1.01154,1.01154
1622,2024-12-25T22:03:43.778Z,1.01154,1.01154,1.01154,1.01154
1623,2024-12-25T22:03:44.208Z,1.01154,1.01154,1.01154,1.01154
1624,2024-12-25T22:03:44.795Z,1.01156,1.01156,1.01156,1.01156
1625,2024-12-25T22:03:45.280Z,1.01155,1.01155,1.01155,1.01155
1626,2024-12-25T22:03:45.785Z,1.01152,1.01152,1.01152,1.01152
1627,2024-12-25T22:03:46.010Z,1.01152,1.01152,1.01152,1.01152
1628,2024-12-25T22:03:46.295Z,1.01152,1.01152,1.01152,1.01152
1629,2024-12-25T22:03:46.781Z,1.01151,1.01151,1.01151,1.01151
1630,2024-12-25T22:03:47.210Z,1.01151,1.01151,1.01151,1.01151
1631,2024-12-25T22:03:47.780Z,1.01151,1.01151,1.01151,1.01151
1632,2024-12-25T22:03:48.281Z,1.01161,1.01161,1.01161,1.01161
1633,2024-12-25T22:03:48.781Z,1.01161,1.01161,1.01161,1.01161
1634,2024-12-25T22:03:49.011Z,1.01161,1.01161,1.01161,1.01161
1635,2024-12-25T22:03:49.280Z,1.0116,1.0116,1.0116,1.0116
